Time;Time_hours;Temp;B2;B3;B4;B5;B6;B7;B8;B9;B10;B11;C2;C3;C4;C5;C6;C7;C8;C9;C10;C11;D2;D3;D4;D5;D6;D7;D8;D9;D10;D11;E2;E3;E4;E5;E6;E7;E8;E9;E10;E11;F2;F3;F4;F5;F6;F7;F8;F9;F10;F11;G2;G3;G4;G5;G6;G7;G8;G9;G10;G11
00:00:00;0;25;0.116;0.116;0.115;0.125;0.11;0.118;0.111;0.112;0.112;0.129;0.111;0.116;0.128;0.113;0.116;0.117;0.114;0.114;0.112;0.118;0.111;0.114;0.118;0.112;0.109;0.115;0.116;0.114;0.123;0.12;0.116;0.119;0.118;0.123;0.118;0.116;0.117;0.114;0.122;0.121;0.114;0.114;0.113;0.121;0.114;0.12;0.116;0.111;0.117;0.122;0.117;0.12;0.115;0.119;0.125;0.123;0.115;0.117;0.115;0.12
00:14:32;0.25;25;0.121;0.119;0.119;0.128;0.115;0.123;0.115;0.115;0.115;0.132;0.114;0.119;0.13;0.116;0.12;0.121;0.117;0.118;0.118;0.12;0.115;0.117;0.122;0.114;0.113;0.119;0.121;0.118;0.123;0.123;0.12;0.122;0.121;0.127;0.123;0.121;0.119;0.119;0.125;0.122;0.117;0.116;0.116;0.123;0.118;0.124;0.118;0.113;0.119;0.125;0.122;0.124;0.118;0.123;0.128;0.125;0.118;0.119;0.118;0.121
00:29:35;0.50;25.1;0.123;0.121;0.121;0.129;0.117;0.125;0.115;0.115;0.116;0.134;0.116;0.121;0.131;0.119;0.122;0.124;0.12;0.12;0.121;0.121;0.117;0.119;0.124;0.117;0.114;0.12;0.124;0.121;0.125;0.125;0.124;0.124;0.123;0.128;0.125;0.123;0.123;0.121;0.126;0.123;0.122;0.122;0.122;0.125;0.122;0.128;0.119;0.114;0.12;0.127;0.124;0.126;0.12;0.124;0.13;0.128;0.118;0.12;0.118;0.123
00:44:38;0.75;25.3;0.126;0.123;0.123;0.13;0.119;0.127;0.116;0.117;0.117;0.136;0.118;0.123;0.132;0.122;0.124;0.126;0.121;0.121;0.123;0.123;0.118;0.121;0.126;0.119;0.116;0.123;0.125;0.123;0.126;0.127;0.123;0.126;0.124;0.13;0.127;0.125;0.133;0.126;0.126;0.125;0.124;0.123;0.122;0.127;0.124;0.13;0.121;0.115;0.121;0.129;0.126;0.13;0.122;0.127;0.132;0.129;0.119;0.12;0.119;0.125
00:59:41;1.00;25.5;0.128;0.126;0.125;0.132;0.121;0.129;0.118;0.118;0.118;0.139;0.121;0.125;0.134;0.125;0.126;0.127;0.126;0.125;0.126;0.125;0.121;0.123;0.129;0.124;0.119;0.124;0.128;0.124;0.13;0.13;0.127;0.128;0.126;0.136;0.129;0.128;0.171;0.151;0.127;0.127;0.125;0.124;0.125;0.13;0.127;0.132;0.123;0.117;0.12;0.133;0.129;0.133;0.125;0.13;0.134;0.131;0.12;0.122;0.119;0.127
01:14:44;1.25;25.8;0.132;0.129;0.129;0.136;0.125;0.132;0.119;0.121;0.12;0.142;0.124;0.129;0.136;0.129;0.128;0.13;0.124;0.126;0.128;0.128;0.124;0.127;0.132;0.126;0.121;0.127;0.13;0.127;0.135;0.134;0.129;0.131;0.129;0.137;0.132;0.13;0.24;0.202;0.13;0.13;0.128;0.128;0.127;0.134;0.129;0.135;0.123;0.117;0.12;0.137;0.131;0.136;0.128;0.133;0.135;0.135;0.122;0.123;0.121;0.13
01:29:47;1.50;26.1;0.136;0.132;0.132;0.139;0.127;0.135;0.121;0.126;0.122;0.146;0.134;0.132;0.141;0.132;0.132;0.134;0.13;0.132;0.129;0.132;0.13;0.131;0.135;0.128;0.124;0.13;0.134;0.13;0.141;0.139;0.133;0.136;0.133;0.142;0.135;0.134;0.279;0.236;0.134;0.133;0.132;0.13;0.131;0.138;0.133;0.139;0.125;0.118;0.123;0.142;0.134;0.139;0.13;0.135;0.138;0.138;0.124;0.125;0.123;0.134
01:44:50;1.75;26.4;0.14;0.137;0.135;0.141;0.134;0.145;0.127;0.124;0.125;0.152;0.132;0.135;0.144;0.137;0.136;0.141;0.132;0.131;0.133;0.136;0.132;0.135;0.14;0.133;0.127;0.132;0.138;0.135;0.143;0.144;0.138;0.138;0.135;0.145;0.141;0.141;0.297;0.254;0.137;0.138;0.135;0.135;0.135;0.14;0.136;0.142;0.127;0.119;0.122;0.148;0.141;0.143;0.135;0.137;0.141;0.141;0.126;0.126;0.125;0.138
01:59:53;2.00;26.6;0.145;0.141;0.141;0.147;0.137;0.143;0.126;0.128;0.127;0.157;0.138;0.141;0.147;0.142;0.14;0.148;0.139;0.137;0.137;0.141;0.138;0.14;0.145;0.136;0.129;0.138;0.142;0.143;0.148;0.152;0.145;0.142;0.156;0.155;0.143;0.143;0.305;0.279;0.141;0.144;0.142;0.143;0.143;0.148;0.14;0.149;0.133;0.119;0.123;0.156;0.145;0.148;0.139;0.144;0.147;0.147;0.129;0.128;0.127;0.144
02:14:56;2.25;26.9;0.151;0.146;0.144;0.152;0.142;0.148;0.13;0.131;0.13;0.165;0.142;0.146;0.154;0.147;0.144;0.146;0.148;0.143;0.142;0.148;0.144;0.145;0.149;0.139;0.131;0.144;0.144;0.156;0.151;0.16;0.147;0.148;0.165;0.16;0.148;0.148;0.321;0.299;0.146;0.151;0.147;0.146;0.149;0.152;0.145;0.155;0.138;0.122;0.123;0.165;0.15;0.151;0.144;0.149;0.151;0.15;0.131;0.131;0.128;0.151
02:29:59;2.50;27.2;0.157;0.152;0.15;0.157;0.148;0.154;0.133;0.134;0.133;0.174;0.147;0.151;0.159;0.152;0.15;0.153;0.146;0.152;0.146;0.156;0.149;0.151;0.155;0.145;0.136;0.15;0.149;0.174;0.156;0.17;0.154;0.153;0.17;0.165;0.153;0.153;0.349;0.313;0.151;0.16;0.153;0.15;0.155;0.161;0.15;0.159;0.151;0.12;0.124;0.175;0.156;0.158;0.149;0.154;0.157;0.157;0.133;0.133;0.13;0.159
02:45:02;2.75;27.4;0.165;0.159;0.157;0.165;0.155;0.161;0.136;0.138;0.136;0.185;0.154;0.157;0.164;0.158;0.157;0.159;0.152;0.16;0.15;0.166;0.155;0.157;0.161;0.147;0.141;0.157;0.154;0.192;0.162;0.183;0.16;0.157;0.176;0.171;0.16;0.16;0.37;0.328;0.159;0.171;0.159;0.157;0.161;0.17;0.157;0.165;0.135;0.12;0.125;0.188;0.165;0.161;0.156;0.162;0.162;0.161;0.136;0.137;0.132;0.169
03:00:05;3.00;27.5;0.174;0.166;0.165;0.172;0.161;0.168;0.141;0.142;0.141;0.197;0.161;0.164;0.17;0.165;0.162;0.166;0.165;0.169;0.156;0.181;0.163;0.164;0.168;0.153;0.145;0.162;0.16;0.185;0.17;0.197;0.167;0.165;0.182;0.178;0.165;0.166;0.386;0.345;0.164;0.184;0.166;0.167;0.167;0.178;0.165;0.172;0.144;0.134;0.125;0.202;0.174;0.169;0.163;0.167;0.168;0.167;0.138;0.139;0.134;0.181
03:15:08;3.25;27.6;0.184;0.175;0.174;0.181;0.17;0.176;0.144;0.148;0.146;0.211;0.169;0.173;0.178;0.174;0.17;0.174;0.172;0.18;0.164;0.196;0.172;0.172;0.177;0.161;0.152;0.169;0.169;0.165;0.181;0.214;0.174;0.171;0.189;0.184;0.174;0.174;0.397;0.347;0.171;0.209;0.174;0.176;0.175;0.187;0.173;0.18;0.136;0.121;0.128;0.219;0.183;0.179;0.17;0.174;0.173;0.174;0.142;0.142;0.136;0.196
03:30:11;3.50;27.7;0.194;0.186;0.184;0.19;0.179;0.186;0.149;0.154;0.152;0.229;0.178;0.181;0.187;0.18;0.179;0.182;0.194;0.187;0.175;0.214;0.181;0.181;0.188;0.165;0.157;0.177;0.177;0.171;0.19;0.235;0.183;0.18;0.196;0.193;0.182;0.183;0.396;0.278;0.18;0.227;0.189;0.185;0.182;0.198;0.183;0.19;0.137;0.123;0.127;0.241;0.194;0.191;0.179;0.184;0.184;0.185;0.145;0.146;0.139;0.212
03:45:14;3.75;27.8;0.206;0.197;0.193;0.203;0.19;0.196;0.155;0.163;0.16;0.25;0.188;0.191;0.195;0.191;0.19;0.191;0.194;0.199;0.183;0.233;0.191;0.191;0.205;0.173;0.164;0.189;0.188;0.177;0.201;0.257;0.192;0.189;0.207;0.202;0.193;0.193;0.302;0.284;0.19;0.265;0.197;0.194;0.192;0.208;0.193;0.199;0.138;0.125;0.128;0.264;0.203;0.197;0.19;0.195;0.196;0.195;0.15;0.15;0.142;0.231
04:00:17;4.00;28;0.218;0.211;0.207;0.215;0.201;0.209;0.162;0.17;0.168;0.272;0.199;0.201;0.206;0.201;0.2;0.202;0.219;0.202;0.196;0.254;0.202;0.202;0.22;0.181;0.17;0.201;0.199;0.185;0.216;0.282;0.204;0.2;0.216;0.219;0.205;0.204;0.304;0.298;0.201;0.273;0.205;0.208;0.203;0.222;0.205;0.211;0.145;0.125;0.128;0.288;0.217;0.208;0.2;0.207;0.208;0.204;0.155;0.155;0.145;0.251
04:15:20;4.25;28.1;0.232;0.224;0.22;0.232;0.214;0.223;0.169;0.179;0.177;0.293;0.212;0.213;0.219;0.215;0.212;0.214;0.21;0.205;0.207;0.279;0.215;0.213;0.24;0.19;0.178;0.216;0.212;0.192;0.23;0.306;0.219;0.215;0.229;0.233;0.217;0.219;0.315;0.309;0.215;0.297;0.217;0.219;0.215;0.238;0.218;0.226;0.155;0.126;0.134;0.312;0.23;0.22;0.211;0.22;0.217;0.217;0.16;0.159;0.149;0.272
04:30:23;4.50;28.2;0.244;0.237;0.234;0.246;0.226;0.237;0.176;0.188;0.185;0.314;0.226;0.226;0.231;0.228;0.226;0.23;0.222;0.216;0.22;0.305;0.227;0.225;0.252;0.2;0.187;0.23;0.228;0.202;0.244;0.329;0.231;0.225;0.242;0.252;0.234;0.236;0.316;0.313;0.228;0.327;0.227;0.23;0.227;0.253;0.231;0.243;0.16;0.128;0.131;0.333;0.242;0.232;0.224;0.235;0.232;0.233;0.165;0.163;0.153;0.291
04:45:26;4.75;28.2;0.252;0.246;0.246;0.255;0.236;0.251;0.185;0.198;0.196;0.334;0.237;0.239;0.244;0.239;0.247;0.243;0.233;0.226;0.235;0.33;0.234;0.233;0.26;0.209;0.197;0.25;0.246;0.21;0.265;0.35;0.241;0.234;0.254;0.265;0.247;0.255;0.327;0.317;0.238;0.335;0.234;0.238;0.236;0.267;0.242;0.257;0.167;0.128;0.133;0.354;0.248;0.238;0.233;0.256;0.249;0.25;0.172;0.168;0.157;0.31
05:00:29;5.00;28.2;0.256;0.25;0.25;0.26;0.24;0.255;0.194;0.209;0.208;0.353;0.241;0.244;0.251;0.242;0.254;0.247;0.238;0.236;0.245;0.365;0.239;0.238;0.263;0.22;0.208;0.265;0.261;0.219;0.285;0.369;0.246;0.251;0.26;0.273;0.255;0.262;0.328;0.323;0.243;0.36;0.241;0.244;0.241;0.275;0.25;0.266;0.162;0.13;0.133;0.372;0.257;0.246;0.239;0.269;0.263;0.266;0.178;0.174;0.162;0.327
05:15:32;5.25;28.3;0.263;0.257;0.257;0.268;0.247;0.261;0.204;0.221;0.221;0.37;0.25;0.25;0.256;0.251;0.261;0.253;0.242;0.243;0.236;0.375;0.245;0.244;0.299;0.232;0.221;0.284;0.277;0.231;0.302;0.388;0.255;0.261;0.267;0.281;0.264;0.271;0.323;0.331;0.249;0.377;0.251;0.252;0.247;0.28;0.258;0.272;0.165;0.134;0.136;0.389;0.262;0.252;0.246;0.281;0.274;0.279;0.187;0.179;0.166;0.344
05:30:35;5.50;28.3;0.266;0.261;0.259;0.272;0.253;0.265;0.215;0.232;0.233;0.387;0.256;0.257;0.261;0.263;0.267;0.259;0.254;0.251;0.247;0.393;0.249;0.248;0.245;0.241;0.229;0.298;0.297;0.239;0.321;0.407;0.26;0.264;0.273;0.288;0.27;0.277;0.333;0.336;0.253;0.391;0.258;0.256;0.251;0.284;0.264;0.279;0.166;0.132;0.136;0.411;0.269;0.256;0.251;0.293;0.286;0.291;0.195;0.186;0.172;0.359
05:45:38;5.75;28.3;0.271;0.267;0.263;0.278;0.258;0.267;0.226;0.246;0.246;0.403;0.263;0.263;0.266;0.269;0.273;0.265;0.261;0.259;0.255;0.425;0.256;0.254;0.256;0.253;0.241;0.313;0.318;0.249;0.331;0.425;0.267;0.273;0.279;0.299;0.278;0.288;0.333;0.343;0.258;0.406;0.265;0.267;0.257;0.293;0.272;0.285;0.17;0.133;0.136;0.429;0.277;0.263;0.256;0.302;0.297;0.297;0.203;0.193;0.178;0.374
06:00:41;6.00;28.3;0.279;0.272;0.267;0.286;0.264;0.273;0.237;0.259;0.259;0.42;0.273;0.271;0.273;0.277;0.279;0.271;0.27;0.266;0.268;0.444;0.264;0.262;0.263;0.266;0.253;0.325;0.333;0.259;0.34;0.441;0.275;0.282;0.286;0.308;0.288;0.297;0.335;0.357;0.266;0.423;0.274;0.256;0.264;0.304;0.282;0.295;0.177;0.138;0.141;0.448;0.288;0.271;0.263;0.31;0.305;0.305;0.211;0.2;0.185;0.388
06:15:44;6.25;28.3;0.288;0.279;0.275;0.293;0.272;0.28;0.245;0.271;0.272;0.433;0.284;0.281;0.281;0.285;0.283;0.28;0.276;0.273;0.276;0.463;0.274;0.271;0.272;0.278;0.266;0.333;0.349;0.271;0.351;0.454;0.285;0.291;0.295;0.319;0.299;0.308;0.341;0.37;0.276;0.435;0.285;0.263;0.276;0.316;0.295;0.301;0.18;0.141;0.144;0.465;0.297;0.278;0.273;0.32;0.314;0.316;0.216;0.208;0.194;0.402
06:30:47;6.50;28.3;0.294;0.285;0.282;0.3;0.278;0.288;0.259;0.281;0.283;0.447;0.294;0.292;0.294;0.294;0.292;0.291;0.279;0.281;0.271;0.48;0.281;0.278;0.275;0.291;0.279;0.346;0.367;0.284;0.36;0.473;0.294;0.301;0.306;0.329;0.309;0.316;0.342;0.21;0.288;0.45;0.295;0.272;0.283;0.326;0.309;0.316;0.186;0.143;0.146;0.483;0.303;0.284;0.279;0.328;0.323;0.324;0.223;0.214;0.202;0.417
06:45:50;6.75;28.3;0.299;0.289;0.288;0.307;0.284;0.295;0.27;0.291;0.294;0.461;0.304;0.302;0.303;0.3;0.301;0.3;0.287;0.288;0.277;0.494;0.288;0.285;0.28;0.303;0.294;0.359;0.38;0.299;0.37;0.494;0.302;0.309;0.315;0.338;0.316;0.326;0.346;0.355;0.292;0.463;0.304;0.279;0.294;0.335;0.318;0.326;0.184;0.145;0.15;0.504;0.308;0.288;0.287;0.335;0.332;0.333;0.232;0.22;0.207;0.428
07:00:53;7.00;28.3;0.306;0.295;0.293;0.312;0.29;0.299;0.278;0.3;0.304;0.468;0.312;0.31;0.31;0.309;0.307;0.327;0.292;0.29;0.362;0.509;0.293;0.288;0.292;0.313;0.308;0.37;0.402;0.317;0.385;0.502;0.308;0.319;0.324;0.346;0.324;0.336;0.351;0.218;0.3;0.471;0.312;0.285;0.303;0.345;0.328;0.335;0.196;0.149;0.151;0.518;0.316;0.295;0.297;0.344;0.341;0.343;0.24;0.228;0.214;0.439
07:15:56;7.25;28.3;0.309;0.298;0.298;0.317;0.295;0.304;0.287;0.309;0.313;0.477;0.32;0.317;0.318;0.314;0.312;0.33;0.301;0.294;0.287;0.517;0.296;0.292;0.297;0.328;0.324;0.387;0.419;0.333;0.4;0.513;0.316;0.323;0.332;0.351;0.331;0.342;0.353;0.224;0.306;0.489;0.32;0.294;0.31;0.352;0.34;0.347;0.192;0.149;0.156;0.54;0.32;0.299;0.294;0.354;0.351;0.353;0.248;0.236;0.223;0.45
07:30:59;7.50;28.3;0.311;0.302;0.303;0.32;0.298;0.307;0.294;0.317;0.321;0.49;0.328;0.325;0.327;0.321;0.316;0.34;0.307;0.298;0.297;0.529;0.301;0.297;0.301;0.341;0.336;0.403;0.442;0.352;0.413;0.538;0.323;0.33;0.34;0.358;0.354;0.348;0.361;0.237;0.313;0.501;0.326;0.345;0.317;0.361;0.35;0.354;0.202;0.15;0.156;0.564;0.326;0.303;0.289;0.363;0.362;0.364;0.254;0.244;0.231;0.46
07:46:02;7.75;28.3;0.311;0.303;0.306;0.324;0.302;0.311;0.303;0.324;0.328;0.497;0.335;0.326;0.333;0.324;0.321;0.344;0.315;0.304;0.367;0.539;0.306;0.299;0.302;0.346;0.348;0.421;0.46;0.373;0.425;0.543;0.332;0.339;0.316;0.362;0.362;0.354;0.333;0.263;0.321;0.509;0.334;0.356;0.323;0.371;0.358;0.365;0.196;0.158;0.158;0.586;0.331;0.308;0.299;0.372;0.373;0.374;0.262;0.252;0.238;0.468
08:01:05;8.00;28.3;0.317;0.305;0.31;0.327;0.305;0.312;0.312;0.331;0.334;0.505;0.34;0.335;0.337;0.343;0.327;0.352;0.311;0.31;0.307;0.55;0.311;0.304;0.305;0.356;0.362;0.441;0.479;0.388;0.439;0.558;0.339;0.338;0.322;0.369;0.41;0.36;0.226;0.267;0.325;0.516;0.344;0.364;0.328;0.382;0.364;0.374;0.206;0.162;0.16;0.607;0.336;0.313;0.322;0.377;0.385;0.384;0.268;0.26;0.244;0.475
08:16:08;8.25;28.2;0.322;0.313;0.312;0.331;0.308;0.317;0.319;0.338;0.34;0.512;0.347;0.342;0.345;0.353;0.335;0.364;0.317;0.317;0.31;0.558;0.317;0.31;0.308;0.367;0.375;0.467;0.499;0.406;0.451;0.569;0.348;0.357;0.329;0.376;0.414;0.366;0.235;0.383;0.331;0.525;0.347;0.372;0.335;0.389;0.373;0.382;0.205;0.148;0.159;0.624;0.34;0.318;0.342;0.387;0.394;0.393;0.275;0.267;0.251;0.484
08:31:11;8.50;28.2;0.325;0.319;0.317;0.337;0.306;0.32;0.324;0.34;0.346;0.52;0.352;0.35;0.351;0.345;0.34;0.375;0.321;0.322;0.313;0.555;0.323;0.313;0.308;0.388;0.384;0.492;0.518;0.426;0.462;0.582;0.355;0.361;0.331;0.381;0.425;0.366;0.246;0.378;0.333;0.542;0.352;0.38;0.343;0.396;0.382;0.389;0.213;0.154;0.16;0.624;0.347;0.323;0.322;0.398;0.404;0.4;0.28;0.272;0.257;0.492
08:46:14;8.75;28.2;0.33;0.326;0.321;0.34;0.31;0.324;0.332;0.345;0.352;0.526;0.36;0.356;0.358;0.331;0.35;0.381;0.324;0.325;0.317;0.565;0.325;0.318;0.31;0.404;0.398;0.51;0.54;0.439;0.472;0.589;0.362;0.37;0.339;0.388;0.426;0.372;0.256;0.263;0.339;0.545;0.359;0.389;0.351;0.403;0.389;0.397;0.207;0.151;0.161;0.626;0.347;0.345;0.344;0.405;0.414;0.409;0.287;0.279;0.264;0.5
09:01:17;9.00;28.2;0.334;0.326;0.324;0.341;0.313;0.328;0.338;0.35;0.361;0.533;0.366;0.362;0.364;0.336;0.355;0.344;0.327;0.328;0.319;0.588;0.331;0.318;0.314;0.426;0.41;0.54;0.56;0.465;0.482;0.601;0.366;0.378;0.347;0.394;0.434;0.379;0.29;0.269;0.345;0.554;0.369;0.395;0.36;0.41;0.397;0.404;0.208;0.151;0.163;0.631;0.357;0.346;0.422;0.412;0.421;0.414;0.292;0.283;0.269;0.509
09:16:20;9.25;28.2;0.339;0.332;0.33;0.343;0.316;0.332;0.346;0.356;0.368;0.543;0.372;0.367;0.372;0.351;0.357;0.348;0.331;0.331;0.324;0.59;0.338;0.324;0.317;0.444;0.426;0.558;0.573;0.475;0.491;0.622;0.377;0.385;0.356;0.4;0.44;0.384;0.509;0.286;0.349;0.559;0.377;0.404;0.368;0.418;0.405;0.411;0.214;0.161;0.165;0.651;0.367;0.352;0.387;0.417;0.427;0.421;0.297;0.288;0.277;0.516
09:31:23;9.50;28.2;0.345;0.337;0.334;0.35;0.368;0.338;0.351;0.366;0.373;0.547;0.378;0.375;0.38;0.379;0.365;0.352;0.335;0.334;0.328;0.611;0.342;0.33;0.32;0.474;0.438;0.576;0.585;0.493;0.498;0.627;0.382;0.395;0.36;0.408;0.448;0.391;0.31;0.281;0.353;0.574;0.384;0.41;0.374;0.424;0.413;0.418;0.221;0.159;0.171;0.66;0.37;0.354;0.326;0.426;0.434;0.43;0.302;0.295;0.283;0.524
09:46:26;9.75;28.2;0.352;0.342;0.338;0.354;0.396;0.343;0.357;0.369;0.379;0.558;0.385;0.381;0.386;0.376;0.372;0.368;0.341;0.336;0.334;0.629;0.345;0.334;0.326;0.499;0.46;0.597;0.592;0.512;0.505;0.64;0.39;0.372;0.366;0.412;0.453;0.395;0.283;0.291;0.358;0.571;0.403;0.415;0.382;0.431;0.419;0.424;0.222;0.155;0.172;0.676;0.374;0.355;0.351;0.435;0.441;0.437;0.307;0.3;0.296;0.526
10:01:29;10.00;28.2;0.357;0.335;0.343;0.361;0.397;0.349;0.363;0.375;0.381;0.565;0.391;0.387;0.395;0.381;0.375;0.372;0.346;0.34;0.34;0.63;0.35;0.339;0.334;0.516;0.475;0.617;0.601;0.533;0.512;0.646;0.395;0.385;0.373;0.421;0.461;0.401;0.277;0.293;0.363;0.58;0.407;0.422;0.387;0.439;0.425;0.432;0.231;0.156;0.165;0.683;0.379;0.365;0.321;0.44;0.446;0.443;0.31;0.304;0.301;0.534
10:16:32;10.25;28.2;0.363;0.34;0.351;0.376;0.406;0.353;0.365;0.384;0.385;0.573;0.398;0.395;0.399;0.386;0.384;0.381;0.35;0.344;0.344;0.651;0.354;0.344;0.331;0.535;0.49;0.631;0.612;0.549;0.518;0.654;0.402;0.391;0.377;0.425;0.466;0.406;0.286;0.296;0.367;0.594;0.415;0.426;0.394;0.448;0.433;0.44;0.233;0.157;0.166;0.693;0.382;0.361;0.327;0.446;0.455;0.449;0.314;0.309;0.307;0.538
10:31:35;10.50;28.2;0.369;0.347;0.355;0.386;0.413;0.356;0.372;0.386;0.39;0.581;0.404;0.4;0.405;0.382;0.387;0.379;0.357;0.349;0.349;0.644;0.358;0.348;0.332;0.556;0.504;0.644;0.621;0.556;0.527;0.666;0.407;0.392;0.381;0.43;0.472;0.412;0.289;0.304;0.371;0.597;0.418;0.432;0.399;0.457;0.439;0.445;0.211;0.159;0.169;0.704;0.386;0.374;0.33;0.45;0.461;0.457;0.319;0.314;0.307;0.543
10:46:38;10.75;28.2;0.375;0.352;0.363;0.399;0.419;0.36;0.376;0.392;0.393;0.576;0.408;0.406;0.408;0.39;0.39;0.383;0.38;0.352;0.351;0.642;0.362;0.352;0.332;0.58;0.521;0.664;0.647;0.568;0.528;0.679;0.408;0.393;0.383;0.438;0.478;0.418;0.295;0.51;0.378;0.599;0.424;0.439;0.405;0.467;0.443;0.449;0.208;0.159;0.212;0.717;0.38;0.387;0.333;0.456;0.467;0.46;0.323;0.318;0.313;0.547
11:01:41;11.00;28.2;0.366;0.357;0.367;0.403;0.418;0.362;0.386;0.4;0.398;0.574;0.411;0.41;0.414;0.395;0.393;0.386;0.36;0.358;0.355;0.641;0.364;0.355;0.337;0.602;0.533;0.673;0.664;0.578;0.527;0.69;0.413;0.397;0.385;0.447;0.493;0.421;0.304;0.316;0.379;0.605;0.422;0.442;0.409;0.467;0.45;0.456;0.218;0.161;0.168;0.733;0.377;0.344;0.328;0.463;0.474;0.465;0.328;0.325;0.321;0.551
11:16:44;11.25;28.2;0.369;0.362;0.373;0.411;0.406;0.367;0.39;0.402;0.405;0.578;0.418;0.414;0.418;0.39;0.403;0.388;0.364;0.363;0.356;0.673;0.368;0.359;0.337;0.628;0.555;0.682;0.682;0.586;0.532;0.696;0.412;0.395;0.388;0.454;0.5;0.428;0.294;0.319;0.381;0.606;0.424;0.44;0.416;0.475;0.455;0.461;0.216;0.162;0.173;0.74;0.38;0.389;0.337;0.468;0.482;0.469;0.332;0.329;0.326;0.552
11:31:47;11.50;28.2;0.373;0.368;0.38;0.41;0.356;0.37;0.395;0.406;0.41;0.587;0.421;0.419;0.422;0.393;0.406;0.391;0.366;0.402;0.358;0.641;0.372;0.362;0.341;0.646;0.576;0.688;0.703;0.595;0.544;0.714;0.416;0.4;0.39;0.459;0.508;0.434;0.309;0.35;0.383;0.605;0.442;0.403;0.421;0.478;0.461;0.466;0.208;0.163;0.17;0.755;0.504;0.442;0.337;0.472;0.487;0.476;0.335;0.332;0.33;0.554
11:46:50;11.75;28.1;0.378;0.373;0.385;0.415;0.34;0.374;0.398;0.409;0.409;0.593;0.426;0.426;0.426;0.394;0.407;0.393;0.367;0.599;0.36;0.662;0.375;0.365;0.346;0.662;0.603;0.696;0.729;0.6;0.548;0.728;0.419;0.402;0.392;0.464;0.512;0.441;0.321;0.61;0.385;0.611;0.461;0.411;0.427;0.479;0.466;0.471;0.21;0.165;0.173;0.763;0.399;0.414;0.342;0.48;0.494;0.484;0.338;0.338;0.334;0.554
12:01:53;12.00;28.2;0.401;0.376;0.39;0.432;0.336;0.376;0.401;0.411;0.415;0.598;0.432;0.431;0.431;0.395;0.42;0.394;0.376;0.362;0.364;0.656;0.378;0.368;0.344;0.685;0.638;0.697;0.75;0.607;0.554;0.744;0.426;0.405;0.394;0.47;0.518;0.448;0.317;0.475;0.388;0.605;0.486;0.42;0.432;0.483;0.472;0.476;0.222;0.166;0.177;0.771;0.369;0.342;0.338;0.477;0.504;0.485;0.342;0.341;0.335;0.556
12:16:56;12.25;28.1;0.415;0.381;0.395;0.436;0.337;0.379;0.404;0.421;0.419;0.614;0.437;0.436;0.437;0.394;0.461;0.395;0.377;0.366;0.367;0.662;0.38;0.37;0.346;0.706;0.672;0.701;0.759;0.618;0.556;0.749;0.433;0.405;0.398;0.474;0.526;0.453;0.582;0.491;0.389;0.615;0.478;0.43;0.436;0.489;0.476;0.489;0.22;0.171;0.179;0.782;0.37;0.349;0.34;0.482;0.515;0.496;0.345;0.344;0.339;0.558
12:31:59;12.50;28.1;0.408;0.384;0.399;0.436;0.381;0.382;0.409;0.427;0.437;0.638;0.442;0.44;0.439;0.398;0.427;0.4;0.375;0.367;0.367;0.631;0.383;0.374;0.352;0.739;0.709;0.717;0.787;0.625;0.565;0.765;0.441;0.413;0.401;0.48;0.53;0.485;0.401;0.605;0.389;0.616;0.467;0.443;0.451;0.487;0.48;0.495;0.217;0.173;0.173;0.811;0.458;0.35;0.336;0.486;0.523;0.508;0.349;0.348;0.343;0.561
12:47:02;12.75;28.1;0.416;0.389;0.403;0.439;0.37;0.384;0.408;0.424;0.441;0.65;0.444;0.443;0.443;0.397;0.459;0.401;0.375;0.37;0.369;0.659;0.4;0.376;0.35;0.769;0.746;0.726;0.826;0.637;0.57;0.767;0.445;0.415;0.405;0.484;0.536;0.496;0.353;0.424;0.391;0.615;0.494;0.464;0.451;0.497;0.485;0.487;0.218;0.165;0.179;0.817;0.368;0.346;0.341;0.491;0.53;0.52;0.353;0.353;0.346;0.561
13:02:05;13.00;28.1;0.42;0.393;0.407;0.444;0.438;0.387;0.414;0.433;0.436;0.674;0.448;0.447;0.447;0.399;0.451;0.402;0.377;0.37;0.369;0.666;0.435;0.377;0.358;0.796;0.777;0.742;0.863;0.654;0.575;0.787;0.451;0.439;0.412;0.49;0.539;0.493;0.336;0.43;0.392;0.621;0.492;0.463;0.451;0.504;0.49;0.49;0.219;0.167;0.184;0.826;0.42;0.491;0.34;0.498;0.531;0.528;0.354;0.355;0.349;0.566
13:17:08;13.25;28.1;0.419;0.398;0.412;0.445;0.395;0.389;0.416;0.435;0.438;0.688;0.445;0.452;0.452;0.395;0.453;0.406;0.381;0.37;0.372;0.685;0.469;0.38;0.353;0.82;0.806;0.748;0.892;0.645;0.577;0.796;0.455;0.435;0.416;0.496;0.548;0.496;0.341;0.567;0.393;0.62;0.488;0.453;0.453;0.505;0.493;0.495;0.222;0.168;0.185;0.835;0.368;0.352;0.342;0.5;0.543;0.529;0.357;0.359;0.352;0.566
13:32:11;13.50;28.1;0.441;0.403;0.415;0.448;0.343;0.39;0.418;0.434;0.442;0.717;0.452;0.456;0.456;0.402;0.46;0.409;0.383;0.372;0.373;0.682;0.482;0.383;0.355;0.845;0.83;0.759;0.914;0.756;0.58;0.816;0.461;0.432;0.42;0.499;0.551;0.504;0.346;0.728;0.394;0.624;0.471;0.465;0.457;0.518;0.511;0.507;0.223;0.169;0.183;0.857;0.372;0.351;0.341;0.505;0.545;0.545;0.359;0.363;0.356;0.57
13:47:14;13.75;28.1;0.462;0.411;0.42;0.451;0.349;0.392;0.42;0.438;0.446;0.733;0.455;0.46;0.461;0.405;0.47;0.411;0.395;0.374;0.376;0.669;0.492;0.384;0.359;0.861;0.853;0.77;0.935;0.76;0.586;0.813;0.467;0.464;0.43;0.503;0.556;0.513;0.418;0.374;0.395;0.62;0.52;0.476;0.459;0.515;0.512;0.514;0.226;0.17;0.184;0.863;0.371;0.35;0.342;0.508;0.551;0.561;0.361;0.367;0.36;0.57
14:02:17;14.00;28.1;0.452;0.447;0.425;0.452;0.345;0.394;0.426;0.44;0.453;0.749;0.461;0.466;0.464;0.408;0.474;0.413;0.39;0.374;0.377;0.659;0.445;0.387;0.359;0.884;0.872;0.784;0.964;0.749;0.589;0.831;0.477;0.474;0.445;0.507;0.561;0.523;0.45;0.381;0.397;0.628;0.525;0.501;0.46;0.532;0.507;0.513;0.222;0.172;0.183;0.875;0.372;0.349;0.341;0.515;0.552;0.575;0.365;0.37;0.361;0.567
14:17:20;14.25;28.1;0.454;0.425;0.429;0.452;0.347;0.394;0.426;0.44;0.454;0.76;0.463;0.474;0.468;0.411;0.472;0.412;0.385;0.376;0.377;0.665;0.41;0.389;0.36;0.91;0.891;0.792;0.983;0.776;0.595;0.839;0.483;0.466;0.448;0.512;0.567;0.528;0.65;0.387;0.394;0.631;0.489;0.487;0.465;0.531;0.512;0.523;0.246;0.173;0.183;0.883;0.37;0.349;0.343;0.521;0.553;0.592;0.367;0.373;0.363;0.573
14:32:23;14.50;28.1;0.466;0.449;0.434;0.456;0.408;0.395;0.43;0.445;0.46;0.745;0.464;0.481;0.472;0.414;0.466;0.416;0.401;0.378;0.375;0.66;0.412;0.391;0.361;0.933;0.905;0.798;1.015;0.803;0.602;0.851;0.499;0.473;0.454;0.515;0.575;0.522;0.433;0.388;0.393;0.632;0.49;0.487;0.466;0.535;0.523;0.526;0.236;0.174;0.189;0.89;0.373;0.349;0.341;0.523;0.562;0.603;0.37;0.378;0.365;0.571
14:47:26;14.75;28.1;0.454;0.446;0.439;0.457;0.375;0.397;0.437;0.468;0.465;0.743;0.468;0.483;0.474;0.418;0.471;0.418;0.387;0.378;0.376;0.662;0.415;0.393;0.361;0.95;0.92;0.805;1.02;0.795;0.605;0.853;0.49;0.476;0.457;0.519;0.581;0.523;0.372;0.423;0.393;0.631;0.523;0.501;0.482;0.535;0.527;0.528;0.265;0.179;0.186;0.905;0.373;0.35;0.34;0.527;0.554;0.614;0.373;0.383;0.369;0.575
15:02:29;15.00;28.1;0.464;0.434;0.443;0.461;0.348;0.398;0.436;0.448;0.465;0.756;0.476;0.501;0.48;0.411;0.474;0.418;0.387;0.379;0.379;0.667;0.407;0.396;0.362;0.965;0.932;0.818;1.037;0.805;0.61;0.862;0.52;0.48;0.463;0.524;0.588;0.529;0.383;0.401;0.395;0.629;0.535;0.505;0.487;0.543;0.534;0.535;0.292;0.198;0.335;0.908;0.372;0.35;0.343;0.53;0.567;0.624;0.377;0.388;0.372;0.577
15:17:32;15.25;28.1;0.473;0.438;0.448;0.46;0.349;0.399;0.44;0.448;0.468;0.773;0.483;0.534;0.481;0.416;0.473;0.422;0.389;0.38;0.378;0.669;0.409;0.398;0.362;0.983;0.941;0.83;1.058;0.803;0.609;0.876;0.467;0.486;0.469;0.53;0.593;0.529;0.391;0.393;0.401;0.632;0.537;0.516;0.49;0.548;0.535;0.536;0.229;0.202;0.356;0.916;0.373;0.349;0.34;0.534;0.572;0.637;0.379;0.391;0.375;0.578
15:32:35;15.50;28.1;0.473;0.445;0.452;0.463;0.348;0.4;0.44;0.463;0.474;0.773;0.482;0.55;0.485;0.418;0.483;0.424;0.387;0.381;0.378;0.672;0.436;0.401;0.362;0.997;0.951;0.846;1.067;0.777;0.615;0.87;0.468;0.488;0.471;0.534;0.598;0.536;0.399;0.409;0.397;0.637;0.539;0.535;0.5;0.552;0.54;0.539;0.307;0.203;0.198;0.909;0.372;0.349;0.339;0.532;0.574;0.644;0.383;0.396;0.377;0.576
15:47:38;15.75;28.1;0.479;0.447;0.455;0.464;0.348;0.4;0.443;0.484;0.47;0.801;0.489;0.565;0.489;0.424;0.485;0.427;0.407;0.383;0.377;0.676;0.474;0.403;0.362;1.008;0.963;0.858;1.08;0.811;0.615;0.897;0.477;0.495;0.474;0.536;0.603;0.542;0.4;0.403;0.397;0.631;0.532;0.528;0.506;0.557;0.54;0.543;0.233;0.222;0.198;0.926;0.373;0.349;0.34;0.535;0.573;0.658;0.385;0.399;0.38;0.579
16:02:41;16.00;28;0.477;0.449;0.459;0.465;0.349;0.401;0.448;0.5;0.474;0.831;0.487;0.571;0.492;0.424;0.488;0.429;0.406;0.383;0.38;0.666;0.5;0.403;0.361;1.021;0.973;0.869;1.105;0.8;0.639;0.904;0.489;0.501;0.472;0.543;0.606;0.549;0.4;0.586;0.392;0.63;0.526;0.532;0.511;0.558;0.536;0.545;0.241;0.196;0.197;0.927;0.373;0.349;0.331;0.541;0.575;0.674;0.386;0.405;0.383;0.583
16:17:44;16.25;28;0.486;0.457;0.464;0.467;0.35;0.402;0.447;0.506;0.477;0.85;0.494;0.565;0.499;0.429;0.492;0.432;0.39;0.381;0.382;0.673;0.448;0.405;0.362;1.036;0.979;0.869;1.09;0.827;0.645;0.914;0.504;0.499;0.489;0.547;0.611;0.549;0.372;0.581;0.392;0.634;0.53;0.539;0.516;0.561;0.538;0.551;0.258;0.24;0.199;0.933;0.372;0.348;0.338;0.54;0.579;0.686;0.389;0.408;0.385;0.585
16:32:47;16.50;28;0.477;0.456;0.468;0.47;0.35;0.402;0.449;0.51;0.476;0.857;0.496;0.571;0.503;0.433;0.497;0.433;0.391;0.383;0.384;0.675;0.511;0.408;0.362;1.045;0.981;0.886;1.093;0.833;0.647;0.914;0.514;0.51;0.483;0.552;0.613;0.545;0.393;0.372;0.392;0.631;0.538;0.534;0.521;0.566;0.542;0.557;0.242;0.206;0.206;0.933;0.372;0.348;0.343;0.547;0.585;0.695;0.392;0.413;0.387;0.587
16:47:50;16.75;28;0.478;0.464;0.472;0.471;0.349;0.403;0.453;0.499;0.482;0.859;0.5;0.575;0.507;0.437;0.502;0.436;0.392;0.384;0.384;0.674;0.506;0.409;0.362;1.06;0.988;0.893;1.092;0.833;0.654;0.927;0.523;0.509;0.488;0.556;0.619;0.545;0.411;0.4;0.392;0.636;0.541;0.551;0.526;0.58;0.543;0.565;0.252;0.207;0.204;0.95;0.372;0.348;0.344;0.549;0.592;0.712;0.395;0.416;0.389;0.587
17:02:53;17.00;28;0.477;0.472;0.476;0.473;0.353;0.403;0.456;0.512;0.484;0.849;0.502;0.581;0.511;0.439;0.51;0.439;0.399;0.381;0.385;0.681;0.524;0.413;0.362;1.074;0.996;0.898;1.108;0.838;0.645;0.921;0.528;0.524;0.49;0.559;0.625;0.55;0.421;0.549;0.392;0.63;0.555;0.548;0.532;0.578;0.55;0.567;0.29;0.209;0.271;0.952;0.372;0.348;0.344;0.555;0.586;0.733;0.397;0.424;0.39;0.589
17:17:56;17.25;28;0.485;0.472;0.479;0.472;0.35;0.403;0.458;0.51;0.487;0.881;0.507;0.583;0.512;0.441;0.515;0.441;0.392;0.385;0.388;0.677;0.523;0.416;0.362;1.087;1.002;0.898;1.112;0.844;0.641;0.942;0.539;0.534;0.49;0.56;0.628;0.557;0.415;0.733;0.392;0.635;0.543;0.492;0.537;0.588;0.559;0.569;0.282;0.204;0.198;0.958;0.372;0.348;0.338;0.555;0.585;0.744;0.4;0.423;0.393;0.591
17:32:59;17.50;27.9;0.487;0.48;0.484;0.474;0.351;0.405;0.462;0.513;0.489;0.889;0.509;0.589;0.517;0.444;0.516;0.445;0.393;0.385;0.388;0.679;0.535;0.418;0.363;1.093;1.008;0.899;1.123;0.849;0.644;0.953;0.544;0.535;0.484;0.552;0.631;0.557;0.414;0.385;0.392;0.639;0.549;0.495;0.541;0.592;0.561;0.567;0.268;0.208;0.431;0.968;0.372;0.348;0.341;0.555;0.588;0.758;0.403;0.428;0.396;0.593
17:48:02;17.75;27.9;0.487;0.485;0.486;0.475;0.389;0.405;0.465;0.533;0.491;0.895;0.512;0.593;0.522;0.445;0.522;0.449;0.389;0.385;0.39;0.662;0.521;0.42;0.363;1.103;1.01;0.907;1.135;0.852;0.647;0.95;0.549;0.55;0.487;0.56;0.639;0.556;0.413;0.385;0.393;0.639;0.567;0.504;0.547;0.592;0.559;0.57;0.248;0.215;0.295;0.966;0.372;0.348;0.342;0.561;0.59;0.771;0.408;0.434;0.399;0.595
18:03:05;18.00;27.9;0.495;0.487;0.491;0.476;0.398;0.406;0.466;0.533;0.494;0.893;0.514;0.596;0.526;0.448;0.517;0.449;0.391;0.386;0.391;0.673;0.531;0.424;0.363;1.111;1.02;0.915;1.137;0.86;0.642;0.956;0.552;0.553;0.494;0.564;0.643;0.554;0.409;0.383;0.393;0.637;0.563;0.507;0.556;0.598;0.544;0.572;0.29;0.212;0.194;0.978;0.371;0.347;0.342;0.56;0.592;0.781;0.41;0.435;0.402;0.596
18:18:08;18.25;27.9;0.5;0.493;0.495;0.477;0.404;0.407;0.469;0.535;0.497;0.882;0.517;0.595;0.529;0.45;0.523;0.452;0.414;0.387;0.393;0.667;0.523;0.426;0.364;1.117;1.024;0.924;1.144;0.867;0.643;0.957;0.556;0.56;0.503;0.566;0.63;0.556;0.407;0.366;0.392;0.644;0.558;0.509;0.556;0.591;0.542;0.568;0.259;0.236;0.401;0.974;0.371;0.347;0.343;0.571;0.598;0.799;0.413;0.445;0.406;0.599
18:33:11;18.50;27.9;0.507;0.497;0.498;0.478;0.415;0.407;0.472;0.53;0.498;0.881;0.518;0.592;0.534;0.455;0.524;0.453;0.404;0.388;0.394;0.673;0.556;0.429;0.364;1.123;1.033;0.916;1.149;0.87;0.649;0.963;0.56;0.56;0.514;0.569;0.614;0.565;0.408;0.4;0.393;0.64;0.573;0.51;0.564;0.6;0.539;0.574;0.277;0.209;0.295;0.978;0.371;0.347;0.421;0.567;0.601;0.804;0.415;0.45;0.406;0.599
18:48:14;18.75;27.9;0.512;0.5;0.502;0.478;0.445;0.408;0.476;0.516;0.501;0.895;0.525;0.59;0.534;0.456;0.53;0.455;0.406;0.389;0.395;0.708;0.554;0.431;0.364;1.134;1.038;0.92;1.163;0.867;0.662;0.963;0.558;0.568;0.512;0.575;0.606;0.561;0.402;0.388;0.393;0.68;0.574;0.547;0.567;0.606;0.559;0.578;0.274;0.219;0.194;0.983;0.371;0.346;0.329;0.569;0.596;0.819;0.414;0.448;0.411;0.599
19:03:17;19.00;28;0.517;0.504;0.505;0.479;0.423;0.409;0.479;0.532;0.504;0.912;0.526;0.59;0.534;0.46;0.535;0.461;0.395;0.388;0.395;0.728;0.547;0.435;0.365;1.144;1.04;0.935;1.163;0.872;0.664;0.964;0.561;0.564;0.514;0.579;0.625;0.56;0.406;0.388;0.393;0.677;0.587;0.542;0.578;0.608;0.542;0.579;0.254;0.217;0.2;0.991;0.37;0.346;0.354;0.577;0.61;0.832;0.417;0.451;0.412;0.602
19:18:20;19.25;28;0.521;0.508;0.506;0.48;0.428;0.41;0.477;0.536;0.505;0.918;0.53;0.594;0.541;0.462;0.539;0.464;0.415;0.39;0.397;0.703;0.558;0.438;0.365;1.151;1.049;0.94;1.169;0.877;0.657;0.96;0.564;0.582;0.524;0.582;0.629;0.56;0.403;0.386;0.393;0.636;0.586;0.54;0.584;0.607;0.544;0.583;0.258;0.218;0.203;0.992;0.37;0.346;0.44;0.575;0.606;0.84;0.423;0.455;0.414;0.602
19:33:23;19.50;28;0.524;0.512;0.51;0.48;0.439;0.41;0.474;0.538;0.507;0.92;0.535;0.599;0.545;0.464;0.541;0.466;0.401;0.391;0.399;0.715;0.566;0.441;0.365;1.158;1.055;0.945;1.177;0.887;0.658;0.967;0.569;0.584;0.533;0.588;0.626;0.563;0.403;0.385;0.392;0.667;0.585;0.549;0.588;0.608;0.552;0.586;0.259;0.217;0.205;1;0.371;0.346;0.358;0.566;0.609;0.847;0.427;0.451;0.419;0.605
19:48:26;19.75;28;0.531;0.515;0.515;0.482;0.435;0.411;0.484;0.539;0.513;0.92;0.534;0.602;0.547;0.466;0.544;0.47;0.396;0.391;0.4;0.702;0.558;0.445;0.366;1.169;1.061;0.955;1.183;0.892;0.654;0.977;0.569;0.59;0.533;0.6;0.622;0.569;0.402;0.382;0.392;0.655;0.58;0.557;0.591;0.604;0.562;0.583;0.256;0.217;0.207;1.001;0.37;0.346;0.506;0.576;0.614;0.856;0.423;0.463;0.42;0.608
20:03:29;20.00;28;0.53;0.518;0.517;0.482;0.428;0.411;0.478;0.538;0.513;0.906;0.537;0.601;0.548;0.469;0.547;0.474;0.417;0.391;0.402;0.731;0.57;0.448;0.366;1.175;1.065;0.962;1.197;0.893;0.648;0.986;0.572;0.599;0.538;0.606;0.627;0.572;0.405;0.379;0.393;0.659;0.577;0.601;0.598;0.614;0.563;0.581;0.261;0.217;0.209;1.004;0.37;0.346;0.509;0.58;0.616;0.864;0.429;0.468;0.421;0.61
20:18:32;20.25;28;0.531;0.522;0.522;0.483;0.439;0.412;0.482;0.54;0.513;0.938;0.538;0.616;0.554;0.47;0.552;0.478;0.424;0.392;0.402;0.703;0.578;0.452;0.367;1.179;1.067;0.974;1.209;0.898;0.648;0.989;0.576;0.599;0.544;0.606;0.63;0.58;0.405;0.378;0.392;0.664;0.655;0.583;0.602;0.619;0.568;0.585;0.304;0.22;0.21;1;0.37;0.345;0.464;0.582;0.614;0.872;0.429;0.472;0.421;0.611
20:33:35;20.50;28;0.536;0.527;0.527;0.484;0.441;0.413;0.484;0.547;0.515;0.949;0.545;0.619;0.557;0.474;0.557;0.479;0.409;0.392;0.403;0.694;0.585;0.455;0.367;1.182;1.071;0.986;1.218;0.907;0.668;0.988;0.578;0.611;0.55;0.609;0.618;0.582;0.401;0.375;0.392;0.664;0.65;0.57;0.608;0.626;0.561;0.587;0.276;0.221;0.211;1.003;0.37;0.346;0.473;0.575;0.61;0.877;0.431;0.47;0.419;0.612
20:48:38;20.75;28;0.537;0.531;0.529;0.485;0.442;0.414;0.487;0.502;0.517;0.953;0.546;0.624;0.561;0.477;0.562;0.481;0.405;0.392;0.405;0.716;0.587;0.457;0.369;1.183;1.071;0.989;1.228;0.899;0.666;0.987;0.585;0.612;0.555;0.613;0.631;0.583;0.404;0.373;0.391;0.686;0.653;0.59;0.611;0.625;0.555;0.59;0.26;0.224;0.214;1.001;0.368;0.345;0.483;0.582;0.61;0.881;0.433;0.474;0.42;0.615
21:03:41;21.00;28;0.541;0.534;0.51;0.487;0.447;0.414;0.487;0.503;0.517;0.945;0.548;0.627;0.565;0.478;0.564;0.482;0.392;0.393;0.406;0.705;0.605;0.462;0.368;1.186;1.072;0.992;1.232;0.908;0.664;0.99;0.593;0.617;0.559;0.607;0.65;0.591;0.401;0.373;0.39;0.683;0.651;0.611;0.618;0.63;0.548;0.594;0.263;0.227;0.214;1;0.368;0.345;0.468;0.583;0.61;0.881;0.435;0.478;0.424;0.614
21:18:44;21.25;28;0.548;0.537;0.514;0.487;0.448;0.415;0.484;0.526;0.52;0.935;0.554;0.624;0.564;0.48;0.565;0.481;0.394;0.394;0.408;0.696;0.602;0.466;0.369;1.191;1.081;1.01;1.23;0.915;0.679;0.996;0.591;0.618;0.562;0.606;0.652;0.591;0.402;0.378;0.391;0.676;0.659;0.562;0.625;0.631;0.55;0.593;0.268;0.231;0.216;1.005;0.368;0.345;0.464;0.579;0.608;0.884;0.437;0.475;0.423;0.618
21:33:47;21.50;28;0.55;0.543;0.516;0.488;0.449;0.416;0.488;0.528;0.525;0.918;0.552;0.63;0.567;0.481;0.567;0.488;0.394;0.394;0.41;0.716;0.585;0.47;0.369;1.191;1.075;1.033;1.242;0.898;0.687;0.996;0.594;0.614;0.567;0.611;0.667;0.595;0.406;0.371;0.391;0.687;0.661;0.603;0.623;0.638;0.547;0.597;0.269;0.232;0.218;1.014;0.368;0.345;0.475;0.59;0.619;0.895;0.434;0.475;0.43;0.62
21:48:50;21.75;28;0.553;0.547;0.521;0.489;0.453;0.416;0.493;0.554;0.523;0.9;0.555;0.626;0.568;0.483;0.569;0.489;0.394;0.395;0.41;0.731;0.593;0.474;0.371;1.186;1.072;1.038;1.248;0.898;0.678;0.991;0.603;0.632;0.568;0.614;0.671;0.596;0.404;0.363;0.39;0.686;0.68;0.629;0.629;0.642;0.547;0.595;0.268;0.235;0.219;1.016;0.368;0.345;0.469;0.583;0.616;0.893;0.435;0.479;0.433;0.625
22:03:53;22.00;28;0.557;0.549;0.528;0.489;0.452;0.417;0.498;0.556;0.524;0.907;0.558;0.625;0.57;0.486;0.571;0.492;0.395;0.395;0.411;0.727;0.594;0.478;0.37;1.177;1.079;1.05;1.257;0.917;0.676;0.991;0.612;0.635;0.571;0.615;0.677;0.601;0.429;0.365;0.39;0.669;0.697;0.675;0.634;0.647;0.556;0.593;0.271;0.246;0.215;1.014;0.369;0.345;0.456;0.582;0.613;0.891;0.439;0.483;0.433;0.623
22:18:56;22.25;28;0.561;0.553;0.527;0.49;0.455;0.417;0.495;0.535;0.526;0.915;0.559;0.625;0.575;0.488;0.575;0.494;0.414;0.395;0.413;0.716;0.577;0.482;0.372;1.169;1.087;1.053;1.255;0.914;0.671;0.998;0.617;0.645;0.565;0.62;0.676;0.597;0.404;0.372;0.392;0.695;0.698;0.683;0.639;0.648;0.558;0.595;0.271;0.248;0.222;1.022;0.37;0.345;0.43;0.585;0.616;0.899;0.442;0.486;0.436;0.622
22:33:59;22.50;28;0.565;0.556;0.53;0.49;0.455;0.417;0.5;0.553;0.53;0.914;0.562;0.634;0.58;0.491;0.578;0.496;0.419;0.397;0.415;0.722;0.575;0.485;0.372;1.169;1.085;1.051;1.24;0.92;0.679;1.004;0.618;0.653;0.567;0.621;0.677;0.604;0.419;0.36;0.39;0.692;0.705;0.687;0.644;0.65;0.564;0.593;0.273;0.244;0.223;1.025;0.369;0.345;0.445;0.59;0.619;0.899;0.442;0.487;0.438;0.625
22:49:02;22.75;28;0.563;0.561;0.534;0.49;0.456;0.418;0.499;0.554;0.533;0.909;0.565;0.634;0.582;0.493;0.581;0.497;0.416;0.396;0.416;0.716;0.583;0.491;0.371;1.169;1.083;1.046;1.231;0.925;0.671;1.009;0.617;0.651;0.569;0.622;0.679;0.612;0.405;0.37;0.391;0.693;0.713;0.691;0.649;0.654;0.569;0.598;0.278;0.245;0.22;1.019;0.368;0.344;0.452;0.592;0.621;0.904;0.444;0.488;0.44;0.623
23:04:05;23.00;28;0.569;0.564;0.535;0.49;0.455;0.42;0.494;0.512;0.533;0.909;0.567;0.641;0.584;0.496;0.583;0.499;0.425;0.398;0.417;0.72;0.599;0.495;0.372;1.171;1.09;1.051;1.233;0.924;0.666;1.023;0.616;0.655;0.571;0.626;0.684;0.611;0.414;0.369;0.391;0.699;0.716;0.694;0.653;0.655;0.59;0.603;0.273;0.248;0.257;1.027;0.368;0.344;0.447;0.591;0.623;0.914;0.447;0.491;0.439;0.625
23:19:08;23.25;28;0.567;0.567;0.538;0.491;0.448;0.419;0.497;0.549;0.534;0.914;0.571;0.636;0.588;0.498;0.584;0.5;0.396;0.398;0.418;0.725;0.594;0.498;0.371;1.167;1.082;1.054;1.238;0.926;0.66;1.033;0.612;0.663;0.576;0.624;0.687;0.613;0.684;0.367;0.391;0.692;0.722;0.688;0.657;0.66;0.597;0.6;0.28;0.252;0.419;1.027;0.368;0.345;0.447;0.598;0.622;0.921;0.449;0.491;0.441;0.625
23:34:11;23.50;28;0.568;0.572;0.537;0.492;0.451;0.42;0.498;0.551;0.538;0.922;0.574;0.642;0.589;0.502;0.591;0.503;0.398;0.399;0.42;0.718;0.599;0.505;0.37;1.169;1.082;1.057;1.242;0.924;0.654;1.037;0.616;0.666;0.582;0.623;0.695;0.621;0.398;0.359;0.391;0.689;0.719;0.7;0.666;0.662;0.617;0.598;0.299;0.238;0.367;1.029;0.367;0.343;0.446;0.596;0.624;0.923;0.449;0.493;0.441;0.63
23:49:14;23.75;28;0.575;0.575;0.54;0.492;0.457;0.42;0.5;0.567;0.537;0.934;0.577;0.641;0.596;0.503;0.592;0.505;0.399;0.399;0.422;0.737;0.609;0.51;0.371;1.162;1.086;1.061;1.25;0.927;0.662;1.031;0.622;0.663;0.583;0.623;0.696;0.62;0.409;0.358;0.391;0.687;0.705;0.699;0.667;0.661;0.614;0.598;0.299;0.239;0.28;1.027;0.366;0.347;0.444;0.59;0.614;0.925;0.449;0.493;0.439;0.626
24:04:17;24.00;28;0.568;0.578;0.539;0.494;0.457;0.421;0.497;0.574;0.54;0.957;0.58;0.646;0.599;0.505;0.595;0.507;0.4;0.399;0.423;0.726;0.609;0.513;0.371;1.16;1.083;1.069;1.271;0.916;0.658;1.044;0.631;0.673;0.591;0.628;0.696;0.624;0.415;0.363;0.389;0.699;0.713;0.702;0.67;0.666;0.612;0.603;0.298;0.239;0.224;1.039;0.365;0.352;0.446;0.592;0.613;0.93;0.451;0.484;0.443;0.631
24:19:20;24.25;28;0.571;0.578;0.541;0.494;0.458;0.421;0.493;0.577;0.544;0.926;0.582;0.645;0.604;0.507;0.602;0.508;0.399;0.395;0.424;0.73;0.613;0.518;0.371;1.16;1.075;1.079;1.282;0.923;0.672;1.044;0.633;0.668;0.596;0.632;0.699;0.628;0.418;0.358;0.387;0.694;0.701;0.7;0.664;0.666;0.622;0.6;0.303;0.24;0.23;1.037;0.365;0.345;0.445;0.591;0.6;0.93;0.452;0.489;0.44;0.632
24:34:23;24.50;28;0.572;0.584;0.542;0.494;0.459;0.423;0.498;0.579;0.545;0.906;0.583;0.65;0.608;0.509;0.599;0.512;0.4;0.459;0.426;0.734;0.612;0.523;0.371;1.151;1.071;1.085;1.273;0.929;0.661;1.038;0.635;0.671;0.596;0.636;0.7;0.631;0.417;0.355;0.387;0.698;0.716;0.704;0.671;0.658;0.628;0.601;0.31;0.24;0.231;1.037;0.364;0.348;0.454;0.589;0.591;0.93;0.453;0.488;0.441;0.633
24:49:26;24.75;28;0.573;0.58;0.546;0.494;0.459;0.423;0.507;0.566;0.546;0.909;0.587;0.648;0.611;0.512;0.601;0.512;0.392;0.385;0.427;0.733;0.614;0.53;0.371;1.149;1.066;1.089;1.291;0.94;0.662;1.04;0.636;0.675;0.601;0.639;0.709;0.634;0.418;0.358;0.385;0.678;0.719;0.714;0.667;0.661;0.641;0.602;0.268;0.239;0.234;1.036;0.364;0.348;0.455;0.59;0.592;0.929;0.456;0.491;0.443;0.635
25:04:29;25.00;28;0.574;0.579;0.548;0.496;0.459;0.423;0.509;0.572;0.551;0.903;0.591;0.661;0.612;0.515;0.601;0.516;0.393;0.391;0.427;0.736;0.62;0.535;0.372;1.146;1.063;1.098;1.299;0.949;0.666;1.042;0.64;0.675;0.605;0.641;0.708;0.637;0.416;0.357;0.385;0.676;0.729;0.717;0.674;0.648;0.644;0.604;0.331;0.238;0.233;1.035;0.364;0.345;0.452;0.591;0.59;0.928;0.459;0.49;0.447;0.636
25:19:32;25.25;28;0.575;0.579;0.551;0.496;0.458;0.424;0.515;0.563;0.548;0.897;0.597;0.662;0.615;0.517;0.608;0.511;0.396;0.394;0.428;0.739;0.625;0.538;0.373;1.149;1.065;1.111;1.313;0.959;0.673;1.046;0.641;0.679;0.609;0.65;0.708;0.64;0.413;0.359;0.386;0.682;0.735;0.721;0.675;0.652;0.656;0.602;0.278;0.238;0.234;1.044;0.364;0.344;0.448;0.603;0.598;0.924;0.464;0.501;0.446;0.636
25:34:35;25.50;28;0.579;0.58;0.552;0.497;0.46;0.425;0.518;0.57;0.553;0.895;0.598;0.666;0.616;0.519;0.611;0.514;0.396;0.411;0.43;0.788;0.629;0.544;0.373;1.146;1.063;1.119;1.308;0.947;0.676;1.042;0.644;0.685;0.613;0.649;0.718;0.644;0.413;0.365;0.386;0.68;0.738;0.727;0.678;0.647;0.658;0.601;0.278;0.238;0.235;1.046;0.363;0.343;0.458;0.601;0.591;0.92;0.463;0.498;0.448;0.639
25:49:38;25.75;28;0.584;0.582;0.555;0.495;0.46;0.425;0.519;0.57;0.553;0.899;0.603;0.667;0.62;0.52;0.614;0.516;0.396;0.397;0.431;0.795;0.634;0.548;0.372;1.144;1.066;1.127;1.304;0.947;0.684;1.041;0.644;0.696;0.613;0.651;0.722;0.651;0.412;0.36;0.386;0.681;0.741;0.731;0.68;0.648;0.664;0.602;0.318;0.238;0.236;1.047;0.363;0.345;0.456;0.607;0.596;0.922;0.467;0.499;0.449;0.638
26:04:41;26.00;28;0.584;0.583;0.557;0.497;0.46;0.426;0.52;0.577;0.557;0.895;0.605;0.669;0.621;0.521;0.613;0.52;0.396;0.397;0.431;0.796;0.64;0.552;0.372;1.143;1.064;1.131;1.304;0.925;0.69;1.042;0.647;0.694;0.617;0.653;0.725;0.65;0.412;0.361;0.386;0.683;0.74;0.736;0.673;0.648;0.67;0.609;0.388;0.238;0.235;1.056;0.362;0.344;0.453;0.609;0.592;0.919;0.469;0.496;0.452;0.64
26:19:44;26.25;28;0.587;0.582;0.556;0.497;0.462;0.426;0.521;0.588;0.556;0.896;0.61;0.674;0.63;0.524;0.616;0.519;0.397;0.398;0.432;0.797;0.654;0.559;0.372;1.141;1.064;1.14;1.297;0.938;0.697;1.053;0.648;0.694;0.62;0.658;0.706;0.652;0.411;0.362;0.386;0.685;0.735;0.729;0.681;0.645;0.669;0.608;0.419;0.238;0.46;1.061;0.362;0.345;0.459;0.611;0.595;0.914;0.471;0.498;0.453;0.641
26:34:47;26.50;27.9;0.589;0.589;0.563;0.497;0.46;0.427;0.525;0.591;0.56;0.889;0.611;0.673;0.631;0.527;0.618;0.521;0.474;0.4;0.433;0.8;0.656;0.562;0.371;1.14;1.057;1.142;1.295;0.943;0.697;1.063;0.647;0.697;0.624;0.667;0.732;0.656;0.413;0.358;0.384;0.679;0.718;0.735;0.681;0.646;0.669;0.614;0.298;0.239;0.228;1.067;0.361;0.345;0.459;0.609;0.59;0.916;0.472;0.498;0.455;0.646
26:49:50;26.75;27.9;0.593;0.593;0.566;0.497;0.459;0.427;0.529;0.583;0.56;0.89;0.618;0.673;0.631;0.529;0.621;0.521;0.396;0.391;0.434;0.797;0.665;0.565;0.372;1.137;1.063;1.145;1.297;0.959;0.676;1.073;0.651;0.702;0.629;0.675;0.745;0.657;0.413;0.355;0.384;0.68;0.721;0.735;0.691;0.652;0.665;0.619;0.281;0.24;0.395;1.059;0.361;0.345;0.459;0.617;0.596;0.918;0.474;0.502;0.454;0.647
27:04:53;27.00;28;0.596;0.591;0.565;0.497;0.46;0.43;0.527;0.596;0.564;0.888;0.616;0.677;0.628;0.531;0.621;0.527;0.395;0.391;0.434;0.797;0.675;0.571;0.373;1.133;1.062;1.153;1.288;0.958;0.644;1.065;0.653;0.703;0.629;0.674;0.746;0.66;0.414;0.356;0.385;0.679;0.705;0.751;0.688;0.652;0.655;0.616;0.282;0.241;0.232;1.051;0.361;0.344;0.457;0.614;0.603;0.917;0.477;0.507;0.458;0.646
27:19:56;27.25;28;0.6;0.591;0.566;0.5;0.462;0.429;0.536;0.593;0.567;0.895;0.623;0.681;0.63;0.532;0.621;0.526;0.395;0.387;0.436;0.805;0.68;0.576;0.373;1.124;1.064;1.158;1.289;0.986;0.647;1.064;0.657;0.708;0.632;0.68;0.75;0.657;0.411;0.354;0.385;0.687;0.703;0.756;0.691;0.652;0.656;0.616;0.282;0.241;0.382;1.049;0.361;0.344;0.46;0.626;0.604;0.92;0.478;0.505;0.458;0.65
27:34:59;27.50;28;0.6;0.596;0.573;0.499;0.465;0.43;0.536;0.597;0.568;0.889;0.625;0.685;0.633;0.535;0.624;0.531;0.395;0.386;0.436;0.799;0.686;0.586;0.373;1.125;1.07;1.161;1.275;0.978;0.654;1.063;0.666;0.708;0.635;0.68;0.743;0.663;0.411;0.355;0.384;0.682;0.717;0.751;0.693;0.649;0.664;0.62;0.285;0.242;0.232;1.053;0.361;0.344;0.459;0.625;0.601;0.923;0.479;0.503;0.458;0.65
27:50:02;27.75;28;0.604;0.6;0.571;0.5;0.465;0.431;0.538;0.593;0.568;0.895;0.626;0.682;0.635;0.535;0.622;0.532;0.394;0.393;0.439;0.8;0.696;0.588;0.374;1.123;1.076;1.16;1.273;0.979;0.65;1.064;0.669;0.711;0.637;0.684;0.747;0.661;0.41;0.355;0.384;0.681;0.703;0.751;0.689;0.648;0.67;0.617;0.293;0.245;0.237;1.061;0.36;0.343;0.457;0.631;0.601;0.927;0.481;0.506;0.46;0.648
28:05:05;28.00;28;0.603;0.603;0.576;0.499;0.465;0.433;0.539;0.593;0.578;0.881;0.626;0.676;0.64;0.537;0.625;0.536;0.395;0.392;0.439;0.806;0.701;0.591;0.374;1.122;1.073;1.16;1.295;0.99;0.652;1.063;0.672;0.71;0.641;0.686;0.753;0.673;0.409;0.346;0.384;0.688;0.718;0.758;0.697;0.646;0.668;0.619;0.292;0.246;0.238;1.066;0.359;0.342;0.46;0.62;0.603;0.934;0.485;0.505;0.467;0.648
28:20:08;28.25;28;0.606;0.602;0.577;0.5;0.463;0.432;0.538;0.597;0.579;0.887;0.629;0.677;0.644;0.537;0.628;0.537;0.395;0.392;0.44;0.811;0.706;0.602;0.373;1.122;1.065;1.157;1.294;0.986;0.652;1.065;0.675;0.715;0.645;0.694;0.753;0.669;0.409;0.341;0.383;0.688;0.707;0.761;0.7;0.648;0.667;0.614;0.287;0.248;0.237;1.066;0.358;0.342;0.458;0.625;0.602;0.943;0.484;0.5;0.466;0.65
28:35:11;28.50;28;0.606;0.606;0.579;0.501;0.461;0.433;0.541;0.6;0.581;0.878;0.633;0.683;0.644;0.538;0.63;0.537;0.395;0.688;0.44;0.809;0.711;0.608;0.374;1.118;1.065;1.159;1.308;0.988;0.655;1.071;0.677;0.715;0.647;0.697;0.761;0.675;0.408;0.349;0.383;0.69;0.699;0.754;0.692;0.653;0.663;0.613;0.298;0.25;0.24;1.069;0.358;0.341;0.455;0.627;0.601;0.95;0.487;0.507;0.468;0.649
28:50:14;28.75;28;0.609;0.606;0.583;0.501;0.464;0.431;0.547;0.601;0.581;0.875;0.636;0.695;0.644;0.541;0.632;0.538;0.395;0.391;0.441;0.801;0.712;0.613;0.374;1.119;1.062;1.157;1.312;0.986;0.655;1.074;0.674;0.716;0.65;0.7;0.772;0.678;0.408;0.349;0.382;0.688;0.695;0.76;0.692;0.649;0.654;0.618;0.364;0.252;0.236;1.076;0.358;0.34;0.458;0.632;0.602;0.955;0.487;0.497;0.473;0.649
29:05:17;29.00;28.1;0.604;0.616;0.581;0.502;0.462;0.433;0.552;0.602;0.584;0.881;0.634;0.695;0.635;0.544;0.635;0.541;0.395;0.392;0.442;0.81;0.717;0.616;0.375;1.119;1.066;1.157;1.315;0.991;0.662;1.076;0.676;0.721;0.656;0.696;0.775;0.683;0.407;0.347;0.382;0.688;0.705;0.753;0.687;0.651;0.648;0.624;0.299;0.253;0.446;1.079;0.358;0.339;0.455;0.632;0.604;0.962;0.49;0.503;0.478;0.651
29:20:20;29.25;28.1;0.608;0.614;0.58;0.502;0.463;0.433;0.556;0.606;0.585;0.874;0.634;0.69;0.642;0.543;0.637;0.542;0.395;0.393;0.442;0.802;0.721;0.621;0.374;1.121;1.067;1.16;1.313;0.99;0.663;1.076;0.678;0.719;0.654;0.696;0.769;0.679;0.407;0.341;0.381;0.691;0.706;0.758;0.704;0.655;0.649;0.624;0.288;0.254;0.348;1.083;0.358;0.339;0.454;0.634;0.603;0.969;0.493;0.504;0.481;0.65
29:35:23;29.50;28.1;0.612;0.617;0.581;0.503;0.462;0.433;0.558;0.615;0.591;0.873;0.638;0.69;0.647;0.546;0.637;0.543;0.394;0.392;0.443;0.807;0.724;0.625;0.376;1.117;1.062;1.152;1.315;0.984;0.664;1.069;0.682;0.714;0.659;0.698;0.781;0.694;0.407;0.342;0.382;0.69;0.703;0.762;0.71;0.651;0.644;0.621;0.297;0.258;0.316;1.085;0.358;0.338;0.453;0.634;0.6;0.972;0.492;0.488;0.483;0.651
29:50:26;29.75;28.1;0.617;0.62;0.584;0.503;0.464;0.434;0.553;0.608;0.59;0.871;0.637;0.69;0.648;0.55;0.637;0.545;0.395;0.391;0.443;0.813;0.734;0.63;0.378;1.114;1.069;1.14;1.322;0.965;0.667;1.089;0.688;0.706;0.656;0.701;0.783;0.702;0.407;0.353;0.382;0.69;0.702;0.761;0.701;0.652;0.633;0.624;0.298;0.26;0.234;1.089;0.357;0.337;0.458;0.635;0.601;0.974;0.498;0.492;0.485;0.653
30:05:29;30.00;28.1;0.615;0.625;0.583;0.503;0.463;0.434;0.557;0.611;0.588;0.869;0.643;0.688;0.642;0.552;0.642;0.548;0.395;0.386;0.443;0.813;0.734;0.634;0.377;1.111;1.075;1.133;1.321;0.955;0.667;1.094;0.69;0.712;0.661;0.704;0.791;0.704;0.407;0.344;0.382;0.692;0.716;0.761;0.702;0.655;0.632;0.622;0.299;0.26;0.275;1.094;0.357;0.338;0.458;0.636;0.607;0.977;0.497;0.497;0.487;0.657
30:20:32;30.25;28.1;0.62;0.625;0.584;0.504;0.463;0.434;0.558;0.607;0.594;0.863;0.645;0.688;0.65;0.552;0.643;0.548;0.396;0.391;0.443;0.803;0.737;0.64;0.378;1.107;1.077;1.124;1.324;0.972;0.67;1.087;0.695;0.715;0.665;0.704;0.786;0.706;0.403;0.342;0.381;0.693;0.722;0.763;0.713;0.654;0.631;0.622;0.3;0.263;0.296;1.09;0.356;0.339;0.456;0.638;0.607;0.974;0.5;0.499;0.485;0.655
30:35:35;30.50;28.1;0.625;0.633;0.59;0.503;0.461;0.435;0.558;0.606;0.596;0.857;0.644;0.69;0.645;0.554;0.644;0.55;0.396;0.392;0.442;0.808;0.742;0.648;0.377;1.115;1.082;1.118;1.314;1.007;0.67;1.082;0.696;0.717;0.663;0.705;0.793;0.711;0.401;0.344;0.38;0.692;0.715;0.752;0.707;0.648;0.629;0.621;0.301;0.264;0.245;1.082;0.355;0.338;0.456;0.637;0.602;0.977;0.501;0.497;0.487;0.658
30:50:38;30.75;28.1;0.629;0.632;0.593;0.502;0.461;0.436;0.566;0.61;0.598;0.855;0.646;0.692;0.647;0.553;0.644;0.553;0.397;0.39;0.444;0.797;0.748;0.648;0.377;1.121;1.059;1.114;1.336;1.006;0.67;1.093;0.698;0.725;0.666;0.707;0.795;0.723;0.4;0.34;0.378;0.693;0.718;0.748;0.708;0.651;0.631;0.631;0.302;0.266;0.25;1.091;0.355;0.337;0.458;0.642;0.608;0.975;0.506;0.5;0.49;0.659
31:05:41;31.00;28.1;0.63;0.631;0.594;0.503;0.46;0.435;0.568;0.612;0.597;0.853;0.643;0.691;0.651;0.553;0.645;0.554;0.397;0.39;0.444;0.78;0.752;0.653;0.377;1.124;1.079;1.113;1.346;1.007;0.673;1.1;0.698;0.73;0.661;0.708;0.801;0.734;0.398;0.346;0.378;0.688;0.726;0.738;0.714;0.653;0.625;0.628;0.304;0.266;0.594;1.106;0.354;0.336;0.453;0.646;0.606;0.969;0.507;0.502;0.49;0.665
31:20:44;31.25;28.1;0.632;0.633;0.594;0.504;0.457;0.436;0.575;0.618;0.601;0.852;0.643;0.691;0.663;0.554;0.647;0.554;0.396;0.392;0.444;0.799;0.763;0.66;0.377;1.134;1.085;1.109;1.328;0.984;0.675;1.076;0.701;0.731;0.662;0.714;0.802;0.746;0.398;0.344;0.379;0.695;0.718;0.75;0.718;0.649;0.628;0.635;0.305;0.263;0.416;1.104;0.355;0.337;0.457;0.643;0.613;0.975;0.508;0.499;0.492;0.665
31:35:47;31.50;28.1;0.634;0.633;0.599;0.504;0.459;0.436;0.575;0.619;0.601;0.856;0.645;0.695;0.661;0.555;0.646;0.556;0.396;0.388;0.444;0.79;0.765;0.661;0.377;1.141;1.094;1.113;1.315;1.009;0.676;1.057;0.702;0.727;0.661;0.715;0.802;0.754;0.4;0.349;0.379;0.692;0.715;0.756;0.718;0.652;0.629;0.632;0.305;0.268;0.427;1.108;0.355;0.337;0.455;0.644;0.612;0.973;0.507;0.503;0.491;0.665
31:50:50;31.75;28.1;0.636;0.638;0.601;0.504;0.46;0.436;0.574;0.62;0.603;0.851;0.64;0.698;0.659;0.558;0.649;0.555;0.397;0.389;0.445;0.79;0.762;0.669;0.377;1.15;1.104;1.115;1.295;1.001;0.674;1.07;0.702;0.732;0.669;0.714;0.805;0.751;0.398;0.347;0.377;0.692;0.704;0.746;0.721;0.651;0.631;0.633;0.305;0.335;0.57;1.119;0.354;0.336;0.453;0.638;0.603;0.976;0.511;0.509;0.492;0.664
32:05:53;32.00;28.1;0.637;0.639;0.601;0.504;0.459;0.436;0.574;0.62;0.602;0.854;0.634;0.693;0.657;0.557;0.649;0.556;0.398;0.39;0.444;0.786;0.777;0.672;0.377;1.157;1.11;1.115;1.293;1;0.68;1.097;0.702;0.732;0.666;0.715;0.804;0.752;0.398;0.345;0.377;0.692;0.731;0.75;0.727;0.649;0.628;0.632;0.307;0.284;0.541;1.128;0.354;0.335;0.455;0.643;0.609;0.975;0.512;0.505;0.494;0.662
32:20:56;32.25;28.1;0.642;0.639;0.613;0.504;0.459;0.438;0.579;0.619;0.602;0.851;0.642;0.703;0.659;0.56;0.65;0.558;0.397;0.386;0.445;0.788;0.777;0.678;0.376;1.157;1.112;1.117;1.29;0.999;0.678;1.101;0.709;0.735;0.663;0.722;0.801;0.746;0.4;0.344;0.376;0.692;0.733;0.744;0.736;0.65;0.621;0.637;0.31;0.264;0.42;1.134;0.354;0.335;0.454;0.641;0.619;0.969;0.515;0.511;0.496;0.661
32:35:59;32.50;28.1;0.638;0.649;0.606;0.505;0.457;0.439;0.581;0.622;0.604;0.84;0.641;0.704;0.663;0.563;0.652;0.561;0.396;0.389;0.446;0.787;0.781;0.682;0.375;1.163;1.117;1.111;1.312;1.001;0.674;1.092;0.71;0.74;0.665;0.713;0.811;0.737;0.398;0.343;0.374;0.717;0.727;0.752;0.733;0.648;0.617;0.635;0.311;0.455;0.353;1.141;0.353;0.336;0.456;0.645;0.612;0.972;0.519;0.513;0.497;0.666
32:51:02;32.75;28.1;0.646;0.648;0.611;0.504;0.456;0.44;0.592;0.627;0.601;0.834;0.645;0.704;0.663;0.566;0.654;0.563;0.396;0.387;0.446;0.785;0.782;0.687;0.375;1.167;1.121;1.114;1.311;0.993;0.679;1.095;0.711;0.742;0.668;0.72;0.806;0.734;0.399;0.347;0.374;0.695;0.701;0.751;0.734;0.648;0.628;0.642;0.311;0.268;0.539;1.147;0.353;0.335;0.458;0.645;0.609;0.963;0.523;0.513;0.5;0.665
33:06:05;33.00;28.1;0.647;0.651;0.613;0.504;0.454;0.439;0.585;0.628;0.601;0.821;0.643;0.706;0.669;0.566;0.654;0.563;0.396;0.387;0.446;0.785;0.785;0.692;0.376;1.172;1.119;1.114;1.311;0.995;0.68;1.084;0.712;0.734;0.672;0.717;0.813;0.745;0.399;0.339;0.375;0.691;0.68;0.748;0.73;0.648;0.624;0.634;0.311;0.27;0.313;1.146;0.353;0.335;0.456;0.646;0.609;0.959;0.524;0.515;0.5;0.666
33:21:08;33.25;28.1;0.651;0.656;0.618;0.505;0.454;0.44;0.592;0.622;0.6;0.81;0.648;0.716;0.671;0.567;0.657;0.565;0.396;0.387;0.447;0.787;0.787;0.693;0.375;1.176;1.122;1.111;1.311;0.997;0.675;1.09;0.714;0.747;0.678;0.72;0.805;0.755;0.4;0.35;0.374;0.702;0.692;0.753;0.745;0.644;0.629;0.641;0.311;0.271;0.412;1.168;0.351;0.334;0.456;0.641;0.608;0.945;0.525;0.516;0.503;0.666
33:36:11;33.50;28.1;0.653;0.662;0.621;0.504;0.455;0.44;0.595;0.627;0.599;0.797;0.647;0.709;0.668;0.57;0.657;0.566;0.396;0.385;0.446;0.784;0.792;0.7;0.374;1.177;1.118;1.107;1.313;0.985;0.679;1.091;0.713;0.747;0.677;0.722;0.804;0.759;0.402;0.34;0.373;0.703;0.671;0.754;0.735;0.645;0.632;0.639;0.315;0.279;0.471;1.184;0.35;0.333;0.459;0.647;0.61;0.939;0.528;0.519;0.504;0.665
33:51:14;33.75;28.1;0.655;0.663;0.621;0.505;0.455;0.441;0.6;0.631;0.603;0.773;0.645;0.716;0.667;0.57;0.661;0.568;0.396;0.384;0.447;0.786;0.796;0.703;0.374;1.179;1.12;1.101;1.279;1;0.679;1.095;0.71;0.745;0.685;0.725;0.814;0.753;0.403;0.34;0.373;0.704;0.654;0.751;0.739;0.648;0.635;0.642;0.317;0.273;0.63;1.184;0.35;0.332;0.461;0.65;0.613;0.924;0.528;0.524;0.503;0.667
34:06:17;34.00;28.1;0.658;0.664;0.624;0.505;0.456;0.443;0.597;0.631;0.603;0.767;0.649;0.71;0.669;0.573;0.66;0.569;0.395;0.387;0.447;0.787;0.8;0.712;0.376;1.175;1.118;1.095;1.266;1.008;0.681;1.109;0.713;0.75;0.689;0.725;0.815;0.754;0.402;0.348;0.372;0.698;0.657;0.753;0.75;0.648;0.635;0.638;0.317;0.269;0.42;1.187;0.35;0.332;0.456;0.63;0.607;0.922;0.531;0.522;0.505;0.665
34:21:20;34.25;28.1;0.658;0.665;0.628;0.505;0.458;0.443;0.595;0.629;0.603;0.752;0.651;0.715;0.673;0.573;0.662;0.572;0.394;0.386;0.507;0.789;0.806;0.712;0.376;1.177;1.119;1.087;1.285;1.012;0.683;1.108;0.717;0.748;0.692;0.732;0.816;0.758;0.403;0.343;0.372;0.705;0.68;0.739;0.752;0.647;0.632;0.642;0.318;0.304;0.497;1.19;0.35;0.331;0.458;0.627;0.61;0.911;0.533;0.525;0.506;0.667
34:36:23;34.50;28.1;0.667;0.676;0.631;0.505;0.456;0.443;0.605;0.627;0.598;0.691;0.652;0.718;0.679;0.574;0.663;0.573;0.394;0.383;0.736;0.789;0.813;0.719;0.379;1.181;1.123;1.092;1.276;1.022;0.68;1.102;0.718;0.758;0.702;0.736;0.817;0.764;0.403;0.34;0.371;0.699;0.647;0.736;0.749;0.648;0.635;0.645;0.318;0.275;0.608;1.19;0.349;0.33;0.458;0.612;0.614;0.897;0.535;0.532;0.506;0.669
34:51:26;34.75;28.1;0.66;0.676;0.634;0.504;0.454;0.444;0.607;0.628;0.608;0.677;0.65;0.72;0.685;0.576;0.663;0.576;0.394;0.385;0.558;0.786;0.82;0.723;0.377;1.183;1.12;1.089;1.288;1.017;0.688;1.092;0.718;0.753;0.704;0.741;0.819;0.749;0.406;0.345;0.37;0.693;0.673;0.746;0.751;0.647;0.637;0.643;0.319;0.276;0.429;1.19;0.349;0.328;0.458;0.611;0.616;0.888;0.536;0.533;0.51;0.669
35:06:29;35.00;28.1;0.661;0.675;0.639;0.508;0.457;0.445;0.602;0.643;0.608;0.677;0.648;0.721;0.682;0.579;0.663;0.577;0.393;0.383;0.42;0.787;0.82;0.726;0.376;1.182;1.119;1.071;1.293;1.023;0.685;1.109;0.719;0.752;0.703;0.736;0.82;0.76;0.404;0.342;0.369;0.708;0.645;0.737;0.751;0.647;0.634;0.642;0.319;0.281;0.433;1.194;0.348;0.329;0.459;0.611;0.613;0.878;0.537;0.531;0.509;0.674
35:21:32;35.25;28.1;0.663;0.681;0.638;0.507;0.458;0.445;0.604;0.631;0.608;0.688;0.651;0.722;0.682;0.581;0.665;0.579;0.393;0.385;0.421;0.797;0.824;0.73;0.378;1.186;1.119;1.056;1.295;1.024;0.68;1.097;0.72;0.749;0.704;0.749;0.819;0.774;0.407;0.34;0.369;0.707;0.677;0.745;0.752;0.646;0.636;0.647;0.319;0.278;0.523;1.199;0.347;0.329;0.457;0.607;0.614;0.865;0.545;0.535;0.513;0.67
35:36:35;35.50;28.1;0.663;0.683;0.64;0.506;0.456;0.446;0.603;0.64;0.602;0.686;0.654;0.73;0.694;0.582;0.667;0.583;0.393;0.38;0.421;0.794;0.821;0.737;0.379;1.187;1.12;1.04;1.279;1.027;0.684;1.087;0.725;0.745;0.71;0.74;0.82;0.772;0.409;0.338;0.369;0.71;0.685;0.753;0.747;0.646;0.638;0.644;0.32;0.281;0.505;1.179;0.347;0.327;0.46;0.608;0.616;0.862;0.545;0.537;0.511;0.675
35:51:38;35.75;28.1;0.661;0.687;0.641;0.507;0.455;0.447;0.61;0.633;0.6;0.686;0.654;0.729;0.698;0.583;0.669;0.584;0.392;0.38;0.422;0.785;0.831;0.737;0.379;1.183;1.117;1.027;1.3;1.028;0.687;1.096;0.726;0.743;0.711;0.744;0.823;0.773;0.409;0.343;0.368;0.712;0.7;0.751;0.755;0.648;0.635;0.648;0.322;0.293;0.621;1.17;0.347;0.328;0.457;0.61;0.617;0.858;0.546;0.542;0.516;0.681
36:06:41;36.00;28.1;0.667;0.695;0.648;0.509;0.455;0.448;0.616;0.626;0.603;0.687;0.656;0.73;0.691;0.586;0.67;0.586;0.391;0.381;0.422;0.79;0.834;0.744;0.377;1.18;1.113;1.021;1.237;1.032;0.687;1.091;0.731;0.752;0.712;0.742;0.825;0.772;0.409;0.339;0.367;0.709;0.709;0.752;0.75;0.645;0.629;0.649;0.324;0.281;0.535;1.153;0.346;0.328;0.461;0.607;0.613;0.846;0.549;0.536;0.518;0.676
36:21:44;36.25;28.1;0.668;0.69;0.65;0.511;0.458;0.446;0.616;0.62;0.603;0.687;0.658;0.733;0.697;0.586;0.67;0.589;0.391;0.382;0.422;0.783;0.839;0.746;0.379;1.176;1.115;1.014;1.238;1.03;0.686;1.079;0.73;0.762;0.713;0.743;0.805;0.778;0.409;0.343;0.367;0.713;0.689;0.747;0.766;0.649;0.629;0.648;0.324;0.284;0.542;1.181;0.346;0.327;0.461;0.609;0.615;0.841;0.55;0.544;0.518;0.677
36:36:47;36.50;28.1;0.675;0.695;0.65;0.511;0.458;0.448;0.622;0.622;0.606;0.685;0.658;0.731;0.701;0.589;0.672;0.588;0.391;0.381;0.423;0.767;0.841;0.749;0.38;1.177;1.114;1;1.322;1.028;0.688;1.091;0.739;0.768;0.715;0.75;0.826;0.781;0.411;0.337;0.366;0.703;0.729;0.749;0.764;0.648;0.629;0.652;0.325;0.648;0.418;1.184;0.346;0.327;0.462;0.608;0.618;0.833;0.552;0.552;0.523;0.678
36:51:50;36.75;28.1;0.67;0.696;0.653;0.511;0.457;0.448;0.62;0.636;0.606;0.687;0.663;0.735;0.706;0.59;0.671;0.591;0.39;0.38;0.451;0.768;0.841;0.75;0.47;1.172;1.117;0.993;1.337;1.03;0.689;1.071;0.739;0.764;0.718;0.748;0.833;0.779;0.41;0.339;0.366;0.708;0.748;0.743;0.761;0.647;0.628;0.651;0.326;0.28;0.376;1.19;0.345;0.325;0.463;0.608;0.619;0.82;0.555;0.551;0.521;0.678
37:06:53;37.00;28.1;0.671;0.698;0.652;0.512;0.46;0.449;0.617;0.635;0.608;0.692;0.662;0.742;0.704;0.591;0.672;0.593;0.39;0.381;0.425;0.773;0.845;0.751;0.373;1.173;1.102;1.006;1.364;1.028;0.693;1.051;0.743;0.773;0.713;0.749;0.833;0.779;0.409;0.342;0.366;0.713;0.743;0.722;0.763;0.653;0.638;0.653;0.326;0.28;0.304;1.185;0.345;0.325;0.464;0.611;0.616;0.81;0.559;0.552;0.523;0.68
37:21:56;37.25;28.1;0.671;0.708;0.654;0.511;0.46;0.448;0.614;0.644;0.608;0.69;0.664;0.743;0.703;0.594;0.674;0.592;0.39;0.379;0.426;0.766;0.85;0.757;0.383;1.169;1.118;1.002;1.365;1.026;0.694;1.048;0.742;0.766;0.719;0.75;0.838;0.784;0.408;0.335;0.365;0.73;0.746;0.721;0.76;0.654;0.638;0.654;0.328;0.275;0.519;1.176;0.344;0.325;0.463;0.612;0.617;0.797;0.559;0.552;0.523;0.687
37:36:59;37.50;28.1;0.674;0.701;0.652;0.513;0.462;0.45;0.614;0.641;0.608;0.697;0.666;0.741;0.701;0.597;0.677;0.594;0.389;0.381;0.431;0.764;0.854;0.758;0.385;1.166;1.118;0.994;1.361;1.03;0.695;1.06;0.743;0.769;0.721;0.755;0.835;0.789;0.405;0.337;0.364;0.72;0.699;0.721;0.764;0.654;0.631;0.65;0.328;0.283;0.352;1.172;0.344;0.326;0.461;0.61;0.616;0.789;0.562;0.557;0.524;0.682
37:52:02;37.75;28;0.679;0.707;0.653;0.513;0.46;0.448;0.626;0.623;0.612;0.692;0.668;0.753;0.706;0.597;0.679;0.595;0.388;0.38;0.479;0.791;0.858;0.762;0.386;1.166;1.12;0.989;1.327;1.035;0.702;1.058;0.743;0.776;0.72;0.759;0.843;0.795;0.404;0.339;0.363;0.715;0.728;0.723;0.764;0.653;0.642;0.654;0.329;0.283;0.342;1.156;0.343;0.31;0.463;0.608;0.62;0.782;0.555;0.564;0.525;0.682
38:07:05;38.00;28;0.679;0.694;0.658;0.514;0.461;0.451;0.62;0.639;0.607;0.702;0.67;0.746;0.71;0.597;0.681;0.597;0.388;0.379;0.62;0.796;0.859;0.764;0.386;1.164;1.126;0.996;1.28;1.037;0.697;1.063;0.749;0.769;0.723;0.76;0.845;0.794;0.405;0.337;0.364;0.715;0.702;0.724;0.767;0.659;0.641;0.654;0.328;0.29;0.455;1.131;0.343;0.31;0.46;0.612;0.616;0.771;0.563;0.57;0.527;0.687
38:22:08;38.25;28;0.679;0.694;0.658;0.512;0.461;0.447;0.619;0.631;0.612;0.696;0.67;0.754;0.714;0.6;0.681;0.598;0.387;0.379;0.429;0.794;0.861;0.768;0.386;1.159;1.127;0.982;1.298;1.032;0.697;1.045;0.745;0.784;0.727;0.761;0.838;0.796;0.401;0.336;0.362;0.718;0.693;0.727;0.764;0.656;0.663;0.656;0.329;0.285;0.407;1.103;0.342;0.309;0.464;0.612;0.623;0.763;0.564;0.569;0.53;0.688
38:37:11;38.50;28;0.68;0.699;0.663;0.513;0.462;0.449;0.624;0.638;0.605;0.71;0.673;0.755;0.716;0.601;0.68;0.599;0.387;0.379;0.797;0.792;0.866;0.77;0.387;1.158;1.124;0.986;1.314;1.032;0.702;1.045;0.749;0.798;0.727;0.767;0.842;0.79;0.401;0.338;0.362;0.718;0.703;0.731;0.766;0.66;0.674;0.654;0.329;0.284;0.317;1.067;0.342;0.309;0.462;0.613;0.628;0.735;0.567;0.568;0.529;0.688
38:52:14;38.75;28;0.681;0.697;0.663;0.512;0.463;0.45;0.621;0.648;0.604;0.709;0.674;0.757;0.713;0.601;0.678;0.601;0.387;0.377;0.821;0.79;0.865;0.775;0.388;1.161;1.122;0.978;1.324;1.028;0.704;1.043;0.754;0.787;0.723;0.766;0.844;0.791;0.404;0.334;0.362;0.724;0.742;0.725;0.775;0.662;0.666;0.655;0.332;0.287;0.498;1.057;0.341;0.307;0.461;0.613;0.625;0.704;0.569;0.57;0.53;0.689
39:07:17;39.00;28;0.682;0.697;0.664;0.513;0.466;0.448;0.621;0.654;0.602;0.711;0.677;0.766;0.72;0.604;0.679;0.603;0.386;0.377;0.427;0.792;0.869;0.778;0.389;1.162;1.122;0.975;1.316;1.033;0.707;1.054;0.747;0.785;0.736;0.767;0.842;0.787;0.403;0.341;0.361;0.726;0.765;0.731;0.777;0.662;0.671;0.658;0.331;0.288;0.342;1.039;0.341;0.306;0.46;0.617;0.621;0.678;0.57;0.577;0.534;0.692
39:22:20;39.25;28;0.688;0.699;0.668;0.513;0.467;0.45;0.621;0.65;0.605;0.712;0.68;0.763;0.726;0.603;0.679;0.604;0.386;0.377;0.427;0.79;0.867;0.781;0.389;1.159;1.116;0.969;1.305;1.031;0.716;1.047;0.734;0.798;0.734;0.773;0.849;0.788;0.403;0.327;0.361;0.727;0.659;0.726;0.775;0.662;0.704;0.662;0.333;0.288;0.462;1.031;0.341;0.307;0.462;0.619;0.625;0.68;0.57;0.577;0.535;0.69
39:37:23;39.50;27.9;0.692;0.704;0.673;0.515;0.466;0.451;0.624;0.654;0.604;0.713;0.682;0.772;0.731;0.604;0.679;0.605;0.385;0.376;0.427;0.784;0.879;0.783;0.388;1.166;1.105;0.951;1.314;1.033;0.717;1.045;0.713;0.791;0.73;0.781;0.852;0.794;0.405;0.33;0.36;0.728;0.678;0.729;0.778;0.667;0.712;0.659;0.333;0.304;0.407;1.019;0.34;0.307;0.461;0.621;0.63;0.69;0.568;0.579;0.535;0.694
39:52:26;39.75;27.9;0.689;0.705;0.672;0.514;0.467;0.453;0.627;0.663;0.611;0.715;0.686;0.771;0.736;0.607;0.68;0.607;0.385;0.375;0.428;0.793;0.884;0.786;0.387;1.163;1.101;0.942;1.325;1.031;0.714;1.04;0.71;0.796;0.739;0.783;0.851;0.786;0.404;0.338;0.361;0.755;0.72;0.736;0.778;0.669;0.717;0.663;0.334;0.714;0.333;1.011;0.341;0.306;0.462;0.621;0.626;0.689;0.575;0.578;0.54;0.694
40:07:29;40.00;27.9;0.695;0.705;0.671;0.515;0.467;0.453;0.626;0.664;0.617;0.721;0.686;0.774;0.737;0.607;0.679;0.609;0.385;0.377;0.427;0.784;0.885;0.793;0.388;1.161;1.09;0.937;1.334;1.032;0.71;1.049;0.713;0.802;0.75;0.817;0.849;0.778;0.406;0.333;0.361;0.737;0.708;0.741;0.786;0.672;0.672;0.66;0.336;0.288;0.345;1.021;0.34;0.305;0.461;0.618;0.626;0.691;0.577;0.596;0.538;0.694
40:22:32;40.25;27.9;0.697;0.704;0.673;0.514;0.469;0.454;0.628;0.666;0.616;0.721;0.686;0.773;0.739;0.61;0.683;0.61;0.384;0.377;0.428;0.785;0.886;0.796;0.389;1.16;1.081;0.926;1.329;1.034;0.711;1.044;0.716;0.806;0.751;0.814;0.851;0.786;0.404;0.336;0.361;0.733;0.693;0.719;0.786;0.675;0.729;0.666;0.334;0.289;0.357;1.022;0.341;0.305;0.462;0.619;0.634;0.687;0.577;0.606;0.543;0.697
40:37:35;40.50;27.9;0.7;0.71;0.677;0.515;0.469;0.454;0.629;0.657;0.613;0.731;0.688;0.779;0.739;0.611;0.683;0.611;0.384;0.376;0.428;0.786;0.891;0.799;0.39;1.168;1.073;0.922;1.32;1.042;0.724;1.049;0.716;0.813;0.744;0.803;0.844;0.78;0.402;0.33;0.36;0.734;0.718;0.698;0.789;0.671;0.733;0.664;0.336;0.291;0.366;1.015;0.34;0.305;0.465;0.621;0.641;0.682;0.571;0.612;0.543;0.697
40:52:38;40.75;27.9;0.703;0.705;0.677;0.517;0.468;0.456;0.626;0.653;0.618;0.726;0.694;0.781;0.744;0.612;0.683;0.613;0.383;0.374;0.43;0.783;0.887;0.802;0.39;1.173;1.072;0.911;1.315;1.041;0.721;1.047;0.717;0.817;0.736;0.806;0.855;0.78;0.402;0.335;0.359;0.739;0.667;0.692;0.782;0.677;0.727;0.665;0.337;0.29;0.333;1.018;0.339;0.304;0.462;0.619;0.64;0.687;0.573;0.621;0.546;0.695
41:07:41;41.00;27.9;0.707;0.71;0.683;0.516;0.469;0.454;0.631;0.666;0.624;0.73;0.695;0.785;0.75;0.612;0.686;0.613;0.383;0.375;0.43;0.778;0.884;0.803;0.39;1.177;1.067;0.904;1.306;1.036;0.717;0.981;0.721;0.814;0.741;0.796;0.857;0.775;0.404;0.331;0.359;0.736;0.645;0.728;0.793;0.681;0.727;0.668;0.338;0.29;0.448;1.005;0.34;0.304;0.468;0.62;0.638;0.689;0.578;0.618;0.545;0.698
41:22:44;41.25;27.9;0.707;0.714;0.68;0.516;0.468;0.452;0.637;0.661;0.622;0.736;0.697;0.78;0.756;0.614;0.69;0.615;0.381;0.373;0.43;0.782;0.893;0.807;0.404;1.174;1.066;0.896;1.3;1.041;0.73;0.962;0.724;0.813;0.742;0.796;0.857;0.772;0.403;0.321;0.357;0.731;0.731;0.746;0.795;0.684;0.738;0.669;0.338;0.29;0.331;1.012;0.338;0.304;0.47;0.622;0.641;0.686;0.575;0.625;0.546;0.698
41:37:47;41.50;27.9;0.712;0.717;0.685;0.517;0.467;0.454;0.637;0.662;0.622;0.736;0.696;0.791;0.764;0.615;0.689;0.616;0.381;0.374;0.43;0.779;0.901;0.804;0.394;1.181;1.046;0.895;1.326;1.042;0.725;0.945;0.728;0.816;0.741;0.806;0.856;0.772;0.404;0.342;0.358;0.732;0.701;0.752;0.795;0.687;0.754;0.67;0.338;0.291;0.344;1.025;0.338;0.304;0.464;0.619;0.637;0.688;0.569;0.622;0.545;0.698
41:52:50;41.75;27.9;0.71;0.72;0.685;0.518;0.468;0.456;0.638;0.664;0.625;0.742;0.704;0.789;0.771;0.616;0.689;0.618;0.381;0.373;0.43;0.776;0.883;0.807;0.396;1.183;1.041;0.878;1.326;1.043;0.725;0.934;0.726;0.815;0.743;0.804;0.862;0.773;0.402;0.328;0.357;0.735;0.765;0.742;0.797;0.691;0.754;0.674;0.339;0.291;0.408;1.027;0.338;0.304;0.467;0.633;0.633;0.682;0.571;0.625;0.549;0.702
42:07:53;42.00;27.9;0.714;0.724;0.686;0.519;0.468;0.456;0.648;0.669;0.624;0.738;0.704;0.776;0.767;0.62;0.691;0.618;0.38;0.373;0.431;0.761;0.889;0.812;0.4;1.181;1.028;0.88;1.298;1.036;0.743;0.924;0.727;0.821;0.739;0.816;0.87;0.779;0.409;0.32;0.357;0.737;0.648;0.759;0.789;0.693;0.749;0.678;0.341;0.293;0.339;1.033;0.339;0.303;0.468;0.63;0.638;0.691;0.576;0.625;0.551;0.702
42:22:56;42.25;27.9;0.718;0.729;0.689;0.519;0.47;0.456;0.65;0.664;0.632;0.735;0.704;0.792;0.775;0.623;0.691;0.62;0.38;0.373;0.43;0.769;0.889;0.811;0.4;1.183;1.01;0.865;1.317;1.049;0.735;0.911;0.723;0.823;0.742;0.822;0.868;0.779;0.411;0.34;0.357;0.739;0.651;0.749;0.792;0.699;0.755;0.678;0.341;0.292;0.445;1.031;0.338;0.302;0.47;0.643;0.642;0.686;0.575;0.629;0.549;0.701
42:37:59;42.50;27.9;0.719;0.729;0.691;0.519;0.47;0.458;0.646;0.669;0.635;0.743;0.708;0.791;0.778;0.621;0.692;0.621;0.379;0.372;0.43;0.77;0.895;0.814;0.399;1.18;0.985;0.862;1.299;1.045;0.739;0.887;0.727;0.827;0.744;0.828;0.87;0.779;0.411;0.334;0.357;0.738;0.684;0.746;0.798;0.699;0.726;0.678;0.343;0.293;0.387;1.022;0.337;0.302;0.468;0.642;0.643;0.686;0.576;0.63;0.551;0.701
42:53:02;42.75;27.9;0.72;0.732;0.687;0.521;0.471;0.459;0.649;0.668;0.63;0.75;0.707;0.8;0.782;0.621;0.694;0.623;0.379;0.373;0.429;0.768;0.894;0.819;0.399;1.167;0.972;0.85;1.301;1.04;0.742;0.807;0.723;0.825;0.745;0.827;0.868;0.781;0.408;0.331;0.356;0.741;0.663;0.743;0.791;0.701;0.725;0.68;0.341;0.294;0.463;1.015;0.338;0.301;0.469;0.634;0.643;0.689;0.578;0.633;0.556;0.704
43:08:05;43.00;27.9;0.721;0.73;0.695;0.521;0.471;0.459;0.65;0.664;0.632;0.743;0.709;0.809;0.773;0.621;0.697;0.622;0.379;0.372;0.429;0.772;0.898;0.82;0.401;1.157;0.954;0.855;1.299;1.039;0.744;0.809;0.724;0.828;0.74;0.833;0.865;0.783;0.499;0.333;0.356;0.734;0.742;0.715;0.797;0.705;0.765;0.684;0.343;0.294;0.558;0.969;0.336;0.301;0.468;0.64;0.652;0.69;0.576;0.639;0.551;0.705
43:23:08;43.25;27.9;0.723;0.735;0.698;0.522;0.473;0.46;0.663;0.666;0.632;0.739;0.707;0.79;0.786;0.621;0.694;0.623;0.378;0.37;0.428;0.768;0.902;0.823;0.401;1.138;0.939;0.843;1.284;1.032;0.748;0.808;0.717;0.835;0.738;0.828;0.874;0.785;0.431;0.33;0.355;0.744;0.718;0.716;0.794;0.707;0.745;0.689;0.344;0.294;0.311;0.939;0.336;0.301;0.47;0.635;0.656;0.694;0.572;0.64;0.557;0.706
43:38:11;43.50;27.9;0.728;0.739;0.699;0.523;0.472;0.461;0.664;0.675;0.64;0.744;0.714;0.793;0.779;0.622;0.698;0.627;0.378;0.37;0.429;0.772;0.898;0.823;0.402;1.116;0.94;0.835;1.249;1.046;0.736;0.807;0.718;0.83;0.743;0.837;0.87;0.786;0.733;0.336;0.355;0.741;0.721;0.723;0.799;0.709;0.708;0.691;0.344;0.291;0.291;0.93;0.336;0.3;0.465;0.634;0.645;0.696;0.575;0.64;0.553;0.703
43:53:14;43.75;27.9;0.731;0.738;0.698;0.522;0.473;0.461;0.666;0.667;0.639;0.745;0.71;0.804;0.779;0.624;0.7;0.631;0.378;0.369;0.429;0.764;0.899;0.825;0.402;1.125;0.926;0.824;1.25;1.041;0.75;0.8;0.723;0.835;0.743;0.845;0.883;0.787;0.71;0.336;0.353;0.731;0.749;0.712;0.802;0.712;0.7;0.703;0.345;0.296;0.375;0.916;0.336;0.299;0.466;0.642;0.648;0.694;0.579;0.646;0.553;0.702
44:08:17;44.00;27.9;0.732;0.74;0.703;0.521;0.473;0.46;0.662;0.68;0.643;0.746;0.713;0.804;0.776;0.621;0.698;0.629;0.377;0.369;0.429;0.747;0.896;0.826;0.403;1.109;0.944;0.819;1.25;1.001;0.751;0.815;0.72;0.83;0.745;0.837;0.887;0.789;0.475;0.322;0.355;0.751;0.736;0.733;0.799;0.716;0.721;0.702;0.344;0.295;0.439;0.899;0.336;0.3;0.461;0.643;0.652;0.695;0.583;0.655;0.565;0.702
44:23:20;44.25;27.9;0.737;0.747;0.706;0.522;0.472;0.464;0.663;0.68;0.646;0.747;0.712;0.802;0.782;0.622;0.697;0.627;0.377;0.368;0.429;0.775;0.9;0.83;0.403;1.112;0.949;0.811;1.225;1.013;0.754;0.821;0.72;0.835;0.749;0.834;0.889;0.786;0.569;0.329;0.354;0.752;0.774;0.719;0.802;0.717;0.721;0.701;0.346;0.295;0.385;0.801;0.335;0.299;0.464;0.648;0.647;0.69;0.59;0.657;0.569;0.704
44:38:23;44.50;27.9;0.741;0.753;0.707;0.521;0.474;0.464;0.674;0.681;0.641;0.739;0.717;0.807;0.784;0.623;0.697;0.626;0.376;0.369;0.428;0.776;0.905;0.833;0.405;1.115;0.954;0.813;1.202;1.041;0.747;0.808;0.724;0.828;0.742;0.836;0.889;0.79;0.325;0.325;0.353;0.752;0.773;0.717;0.805;0.723;0.711;0.708;0.348;0.299;0.299;0.801;0.334;0.299;0.46;0.651;0.653;0.699;0.586;0.656;0.57;0.701
44:53:26;44.75;27.9;0.747;0.756;0.712;0.522;0.474;0.465;0.671;0.683;0.646;0.744;0.716;0.804;0.781;0.624;0.695;0.627;0.376;0.369;0.428;0.775;0.921;0.833;0.404;1.103;0.947;0.802;1.178;1.069;0.758;0.817;0.727;0.832;0.742;0.84;0.899;0.791;0.788;0.32;0.353;0.749;0.804;0.719;0.805;0.724;0.732;0.717;0.348;0.3;0.298;0.792;0.334;0.299;0.46;0.652;0.654;0.705;0.59;0.665;0.568;0.702
45:08:29;45.00;27.9;0.747;0.761;0.708;0.524;0.472;0.464;0.68;0.682;0.65;0.748;0.717;0.809;0.78;0.63;0.7;0.628;0.376;0.369;0.428;0.775;0.935;0.833;0.405;1.091;0.92;0.797;1.112;1.065;0.746;0.812;0.726;0.832;0.741;0.846;0.901;0.794;0.317;0.315;0.353;0.747;0.837;0.726;0.801;0.729;0.728;0.712;0.349;0.301;0.332;0.801;0.334;0.298;0.462;0.651;0.654;0.693;0.585;0.662;0.567;0.702
45:23:32;45.25;27.9;0.75;0.763;0.716;0.524;0.468;0.465;0.68;0.685;0.656;0.75;0.715;0.812;0.782;0.625;0.699;0.626;0.375;0.368;0.428;0.772;0.934;0.84;0.405;1.092;0.901;0.763;1.007;1.057;0.756;0.823;0.725;0.832;0.736;0.84;0.912;0.792;0.703;0.315;0.353;0.752;0.783;0.753;0.81;0.731;0.73;0.724;0.35;0.3;0.381;0.794;0.334;0.297;0.465;0.654;0.651;0.703;0.588;0.661;0.572;0.705
45:38:35;45.50;27.9;0.752;0.769;0.715;0.525;0.469;0.465;0.682;0.691;0.656;0.748;0.718;0.809;0.791;0.629;0.698;0.627;0.375;0.367;0.428;0.769;0.936;0.842;0.407;1.105;0.859;0.726;1.004;1.076;0.756;0.821;0.727;0.83;0.743;0.84;0.909;0.787;0.796;0.333;0.353;0.751;0.821;0.757;0.809;0.737;0.729;0.726;0.351;0.3;0.331;0.793;0.333;0.296;0.467;0.658;0.655;0.707;0.59;0.66;0.573;0.705
45:53:38;45.75;27.9;0.756;0.767;0.721;0.522;0.469;0.466;0.685;0.684;0.657;0.753;0.717;0.809;0.783;0.629;0.699;0.63;0.375;0.366;0.427;0.769;0.935;0.841;0.409;1.089;0.88;0.72;1.004;1.052;0.757;0.818;0.721;0.831;0.739;0.842;0.913;0.793;0.35;0.326;0.353;0.751;0.803;0.768;0.81;0.74;0.726;0.729;0.353;0.302;0.501;0.807;0.333;0.296;0.46;0.66;0.658;0.711;0.591;0.662;0.571;0.707
46:08:41;46.00;28;0.76;0.771;0.727;0.523;0.472;0.467;0.683;0.692;0.663;0.748;0.72;0.811;0.787;0.63;0.697;0.629;0.375;0.365;0.427;0.767;0.938;0.845;0.408;1.106;0.852;0.687;1;1.013;0.759;0.818;0.719;0.833;0.743;0.842;0.914;0.795;0.547;0.328;0.353;0.751;0.839;0.766;0.811;0.741;0.728;0.731;0.352;0.302;0.411;0.795;0.332;0.296;0.466;0.66;0.659;0.718;0.592;0.672;0.576;0.707
46:23:44;46.25;28;0.76;0.77;0.728;0.525;0.472;0.468;0.686;0.695;0.66;0.742;0.721;0.809;0.791;0.63;0.7;0.631;0.374;0.366;0.427;0.75;0.936;0.845;0.409;1.087;0.851;0.68;0.995;1.026;0.766;0.808;0.727;0.834;0.749;0.84;0.912;0.794;0.456;0.321;0.352;0.756;0.892;0.768;0.826;0.74;0.746;0.735;0.355;0.304;0.654;0.791;0.332;0.295;0.472;0.663;0.663;0.717;0.594;0.671;0.573;0.705
46:38:47;46.50;28;0.766;0.775;0.727;0.524;0.472;0.468;0.692;0.695;0.662;0.75;0.717;0.816;0.793;0.635;0.701;0.633;0.373;0.365;0.427;0.751;0.943;0.847;0.409;1.08;0.843;0.652;0.999;1.021;0.779;0.81;0.727;0.837;0.742;0.849;0.917;0.8;0.644;0.328;0.352;0.75;0.894;0.765;0.823;0.746;0.74;0.744;0.356;0.304;0.376;0.791;0.331;0.294;0.463;0.667;0.658;0.714;0.593;0.667;0.574;0.707
46:53:50;46.75;28;0.767;0.779;0.735;0.525;0.469;0.469;0.691;0.693;0.664;0.75;0.721;0.816;0.797;0.634;0.701;0.633;0.373;0.365;0.427;0.75;0.943;0.845;0.411;1.076;0.841;0.62;0.995;1.021;0.787;0.81;0.726;0.837;0.75;0.854;0.917;0.802;0.691;0.316;0.351;0.756;0.89;0.775;0.826;0.753;0.749;0.747;0.356;0.304;0.612;0.783;0.332;0.294;0.464;0.67;0.66;0.703;0.598;0.679;0.576;0.704
47:08:53;47.00;28.1;0.769;0.778;0.735;0.525;0.477;0.471;0.692;0.698;0.665;0.746;0.72;0.81;0.795;0.63;0.702;0.635;0.373;0.364;0.426;0.747;0.943;0.845;0.41;1.082;0.829;0.615;1.011;1.02;0.782;0.809;0.727;0.836;0.745;0.849;0.922;0.804;0.74;0.331;0.35;0.756;0.889;0.781;0.831;0.755;0.753;0.746;0.358;0.303;0.59;0.786;0.331;0.293;0.465;0.675;0.665;0.704;0.603;0.672;0.577;0.703
47:23:56;47.25;28.1;0.773;0.78;0.738;0.527;0.477;0.468;0.7;0.711;0.666;0.746;0.722;0.817;0.795;0.634;0.699;0.637;0.373;0.364;0.426;0.752;0.945;0.845;0.412;1.077;0.838;0.622;1.005;1.02;0.765;0.803;0.727;0.835;0.75;0.852;0.922;0.798;0.401;0.315;0.35;0.758;0.851;0.775;0.828;0.751;0.765;0.751;0.357;0.305;0.538;0.787;0.331;0.292;0.463;0.681;0.67;0.71;0.602;0.673;0.584;0.708
47:38:59;47.50;28.1;0.774;0.782;0.745;0.529;0.477;0.471;0.698;0.714;0.67;0.746;0.721;0.806;0.797;0.63;0.702;0.638;0.373;0.363;0.426;0.745;0.946;0.851;0.413;1.081;0.84;0.609;1.014;1.042;0.767;0.81;0.728;0.834;0.754;0.856;0.917;0.802;0.408;0.318;0.351;0.761;0.908;0.793;0.84;0.755;0.754;0.755;0.358;0.306;0.522;0.783;0.33;0.293;0.463;0.687;0.67;0.692;0.602;0.673;0.591;0.713
47:54:02;47.75;28.1;0.777;0.789;0.746;0.529;0.478;0.472;0.696;0.711;0.673;0.754;0.725;0.812;0.795;0.635;0.703;0.64;0.373;0.364;0.426;0.744;0.947;0.854;0.413;1.091;0.846;0.62;1.027;1.056;0.762;0.792;0.726;0.835;0.752;0.856;0.93;0.806;0.383;0.305;0.349;0.765;0.908;0.798;0.827;0.765;0.759;0.765;0.359;0.303;0.587;0.785;0.33;0.292;0.458;0.692;0.656;0.698;0.603;0.676;0.606;0.701
48:09:05;48.00;28.1;0.782;0.789;0.751;0.527;0.474;0.473;0.696;0.717;0.676;0.752;0.725;0.811;0.798;0.638;0.706;0.642;0.373;0.364;0.426;0.736;0.945;0.854;0.413;1.097;0.861;0.614;1.035;1.05;0.789;0.791;0.729;0.842;0.752;0.858;0.931;0.808;0.46;0.309;0.349;0.761;0.87;0.856;0.833;0.769;0.76;0.767;0.361;0.304;0.607;0.786;0.33;0.292;0.457;0.707;0.653;0.691;0.601;0.67;0.619;0.724
